2025-06-08 13:46:41.247,0.002074957
2025-06-08 13:46:41.250,0.002026677
2025-06-08 13:46:41.273,0.001943528
2025-06-08 13:46:41.274,0.001920461
2025-06-08 13:46:41.274,0.002005219
2025-06-08 13:46:41.274,0.002045989
2025-06-08 13:46:41.275,0.001952112
2025-06-08 13:46:41.275,0.001886666
2025-06-08 13:46:41.276,0.001924753
2025-06-08 13:46:41.302,0.001980543
2025-06-08 13:46:41.303,0.001936018
2025-06-08 13:46:41.303,0.001909196
2025-06-08 13:46:41.304,0.001900613
2025-06-08 13:46:41.305,0.001972496
2025-06-08 13:46:41.305,0.001909733
2025-06-08 13:46:41.306,0.001881301
2025-06-08 13:46:41.306,0.001844823
2025-06-08 13:46:41.332,0.001897931
2025-06-08 13:46:41.333,0.001909196
2025-06-08 13:46:41.333,0.001866281
2025-06-08 13:46:41.334,0.001915097
2025-06-08 13:46:41.335,0.001984298
2025-06-08 13:46:41.335,0.001951575
2025-06-08 13:46:41.336,0.001863062
2025-06-08 13:46:41.362,0.001878083
2025-06-08 13:46:41.363,0.001936018
2025-06-08 13:46:41.364,0.001906514
2025-06-08 13:46:41.364,0.001888811
2025-06-08 13:46:41.365,0.001903832
2025-06-08 13:46:41.365,0.001963913
2025-06-08 13:46:41.366,0.001968205
2025-06-08 13:46:41.367,0.001909196
2025-06-08 13:46:41.393,0.001877546
2025-06-08 13:46:41.393,0.001899540
2025-06-08 13:46:41.393,0.001950502
2025-06-08 13:46:41.394,0.001906514
2025-06-08 13:46:41.395,0.001855016
2025-06-08 13:46:41.395,0.001907587
2025-06-08 13:46:41.396,0.001983225
2025-06-08 13:46:41.423,0.001893103
2025-06-08 13:46:41.423,0.001866817
2025-06-08 13:46:41.424,0.001898467
2025-06-08 13:46:41.424,0.001918316
2025-06-08 13:46:41.425,0.001952648
2025-06-08 13:46:41.425,0.001922071
2025-06-08 13:46:41.426,0.001923680
2025-06-08 13:46:41.426,0.001990199
2025-06-08 13:46:41.453,0.001958549
2025-06-08 13:46:41.453,0.001859307
2025-06-08 13:46:41.453,0.001872718
2025-06-08 13:46:41.454,0.001966595
2025-06-08 13:46:41.455,0.001962840
2025-06-08 13:46:41.455,0.001914561
2025-06-08 13:46:41.456,0.001900077
2025-06-08 13:46:41.482,0.001961231
2025-06-08 13:46:41.483,0.001964986
2025-06-08 13:46:41.484,0.001871109
2025-06-08 13:46:41.484,0.001886666
2025-06-08 13:46:41.485,0.001966595
2025-06-08 13:46:41.485,0.001946211
2025-06-08 13:46:41.486,0.001895785
2025-06-08 13:46:41.487,0.001865744
2025-06-08 13:46:41.513,0.001903832
2025-06-08 13:46:41.513,0.001944065
2025-06-08 13:46:41.514,0.001892030
2025-06-08 13:46:41.514,0.001886666
2025-06-08 13:46:41.515,0.001925289
2025-06-08 13:46:41.515,0.001974642
2025-06-08 13:46:41.516,0.001926362
2025-06-08 13:46:41.543,0.001831949
2025-06-08 13:46:41.543,0.001923144
2025-06-08 13:46:41.543,0.001991272
2025-06-08 13:46:41.544,0.001934409
2025-06-08 13:46:41.545,0.001866281
2025-06-08 13:46:41.545,0.001899540
2025-06-08 13:46:41.546,0.001978397
2025-06-08 13:46:41.546,0.001992881
2025-06-08 13:46:41.573,0.001946211
2025-06-08 13:46:41.573,0.001959085
2025-06-08 13:46:41.574,0.002034187
2025-06-08 13:46:41.574,0.002037406
2025-06-08 13:46:41.575,0.001936018
2025-06-08 13:46:41.575,0.001895249
2025-06-08 13:46:41.576,0.001981616
2025-06-08 13:46:41.603,0.002040088
2025-06-08 13:46:41.603,0.002010584
2025-06-08 13:46:41.604,0.001901150
2025-06-08 13:46:41.604,0.001914561
2025-06-08 13:46:41.605,0.001970887
2025-06-08 13:46:41.605,0.001968205
2025-06-08 13:46:41.606,0.001905978
2025-06-08 13:46:41.606,0.001929581
2025-06-08 13:46:41.633,0.001970351
2025-06-08 13:46:41.633,0.001924217
2025-06-08 13:46:41.634,0.001844823
2025-06-08 13:46:41.634,0.001865208
2025-06-08 13:46:41.635,0.001929045
2025-06-08 13:46:41.635,0.001922071
2025-06-08 13:46:41.636,0.001864672
2025-06-08 13:46:41.662,0.001886666
2025-06-08 13:46:41.663,0.001954794
2025-06-08 13:46:41.664,0.001907587
2025-06-08 13:46:41.664,0.001860380
2025-06-08 13:46:41.665,0.001860380
2025-06-08 13:46:41.665,0.001899004
2025-06-08 13:46:41.666,0.001938164
2025-06-08 13:46:41.667,0.001855016
2025-06-08 13:46:41.692,0.001824438
2025-06-08 13:46:41.693,0.001895785
2025-06-08 13:46:41.694,0.001909196
2025-06-08 13:46:41.694,0.001879155
2025-06-08 13:46:41.695,0.001915097
2025-06-08 13:46:41.695,0.002057254
2025-06-08 13:46:41.696,0.002213895
2025-06-08 13:46:41.722,0.002299189
2025-06-08 13:46:41.723,0.002295434
2025-06-08 13:46:41.724,0.002297580
2025-06-08 13:46:41.724,0.002219796
2025-06-08 13:46:41.725,0.001900613
2025-06-08 13:46:41.725,0.001661360
2025-06-08 13:46:41.726,0.001765430
2025-06-08 13:46:41.727,0.001899540
2025-06-08 13:46:41.753,0.001902222
2025-06-08 13:46:41.753,0.001879155
2025-06-08 13:46:41.754,0.001905441
2025-06-08 13:46:41.754,0.001917779
2025-06-08 13:46:41.755,0.001896322
2025-06-08 13:46:41.755,0.001823902
2025-06-08 13:46:41.756,0.001843214
2025-06-08 13:46:41.783,0.001952112
2025-06-08 13:46:41.783,0.001967668
2025-06-08 13:46:41.783,0.001857698
2025-06-08 13:46:41.784,0.001817465
2025-06-08 13:46:41.785,0.001937628
2025-06-08 13:46:41.786,0.001945138
2025-06-08 13:46:41.786,0.001916170
2025-06-08 13:46:41.787,0.001873791
2025-06-08 13:46:41.813,0.001954794
2025-06-08 13:46:41.813,0.001978397
2025-06-08 13:46:41.814,0.001923680
2025-06-08 13:46:41.814,0.001866281
2025-06-08 13:46:41.816,0.001920461
2025-06-08 13:46:41.817,0.001945138
2025-06-08 13:46:41.817,0.001934409
2025-06-08 13:46:41.842,0.001924753
2025-06-08 13:46:41.843,0.001937628
2025-06-08 13:46:41.843,0.001964986
2025-06-08 13:46:41.844,0.001947284
2025-06-08 13:46:41.845,0.001853943
2025-06-08 13:46:41.845,0.001887739
2025-06-08 13:46:41.846,0.002016485
2025-06-08 13:46:41.847,0.001953721
2025-06-08 13:46:41.873,0.001918316
2025-06-08 13:46:41.873,0.001925289
2025-06-08 13:46:41.874,0.001981616
2025-06-08 13:46:41.874,0.002008974
2025-06-08 13:46:41.875,0.001927435
2025-06-08 13:46:41.875,0.001956939
2025-06-08 13:46:41.876,0.002063155
2025-06-08 13:46:41.902,0.002050817
2025-06-08 13:46:41.903,0.002003073
2025-06-08 13:46:41.904,0.001973569
2025-06-08 13:46:41.904,0.002035796
2025-06-08 13:46:41.905,0.002108753
2025-06-08 13:46:41.905,0.002124846
2025-06-08 13:46:41.906,0.002076566
2025-06-08 13:46:41.907,0.002085686
2025-06-08 13:46:41.933,0.002132892
2025-06-08 13:46:41.933,0.002101779
2025-06-08 13:46:41.934,0.001988053
2025-06-08 13:46:41.934,0.002048135
2025-06-08 13:46:41.935,0.002146840
2025-06-08 13:46:41.935,0.002164006
2025-06-08 13:46:41.936,0.002039015
2025-06-08 13:46:41.963,0.002052426
2025-06-08 13:46:41.963,0.002102315
2025-06-08 13:46:41.964,0.002086222
2025-06-08 13:46:41.964,0.001988590
2025-06-08 13:46:41.965,0.001968205
2025-06-08 13:46:41.965,0.002053499
2025-06-08 13:46:41.966,0.002039015
2025-06-08 13:46:41.966,0.001993418
2025-06-08 13:46:41.993,0.001940846
2025-06-08 13:46:41.993,0.001984834
2025-06-08 13:46:41.993,0.001992881
2025-06-08 13:46:41.994,0.001951039
2025-06-08 13:46:41.995,0.001894712
2025-06-08 13:46:41.995,0.001936018
2025-06-08 13:46:41.996,0.001982689
2025-06-08 13:46:42.023,0.001903832
2025-06-08 13:46:42.023,0.001879155
2025-06-08 13:46:42.023,0.001894712
2025-06-08 13:46:42.024,0.001924753
2025-06-08 13:46:42.025,0.001928508
2025-06-08 13:46:42.025,0.001877546
2025-06-08 13:46:42.026,0.001910269
2025-06-08 13:46:42.027,0.001923680
2025-06-08 13:46:42.053,0.001898467
2025-06-08 13:46:42.053,0.001827121
2025-06-08 13:46:42.053,0.001859844
2025-06-08 13:46:42.054,0.001944601
2025-06-08 13:46:42.055,0.001943528
2025-06-08 13:46:42.055,0.001894176
2025-06-08 13:46:42.056,0.001894712
2025-06-08 13:46:42.085,0.001961231
2025-06-08 13:46:42.085,0.001948893
2025-06-08 13:46:42.086,0.001888811
2025-06-08 13:46:42.086,0.001855552
2025-06-08 13:46:42.086,0.001939237
2025-06-08 13:46:42.086,0.001929045
2025-06-08 13:46:42.086,0.001862526
2025-06-08 13:46:42.086,0.001883447
2025-06-08 13:46:42.113,0.001922607
2025-06-08 13:46:42.113,0.001903832
2025-06-08 13:46:42.113,0.001913488
2025-06-08 13:46:42.114,0.001884520
2025-06-08 13:46:42.115,0.001917243
2025-06-08 13:46:42.115,0.001968205
2025-06-08 13:46:42.116,0.001916706
2025-06-08 13:46:42.143,0.001881838
2025-06-08 13:46:42.143,0.001909196
2025-06-08 13:46:42.144,0.001960695
2025-06-08 13:46:42.144,0.001938164
2025-06-08 13:46:42.145,0.001852870
2025-06-08 13:46:42.145,0.001912951
2025-06-08 13:46:42.146,0.001985907
2025-06-08 13:46:42.146,0.001937091
2025-06-08 13:46:42.172,0.001909196
2025-06-08 13:46:42.173,0.001887739
2025-06-08 13:46:42.173,0.001953721
2025-06-08 13:46:42.174,0.001914024
2025-06-08 13:46:42.175,0.001856088
2025-06-08 13:46:42.175,0.001874327
2025-06-08 13:46:42.176,0.001966595
2025-06-08 13:46:42.202,0.001956939
2025-06-08 13:46:42.203,0.001871109
2025-06-08 13:46:42.203,0.001886666
2025-06-08 13:46:42.204,0.001926899
2025-06-08 13:46:42.205,0.001964450
2025-06-08 13:46:42.205,0.001863062
2025-06-08 13:46:42.206,0.001830876
2025-06-08 13:46:42.206,0.001941383
2025-06-08 13:46:42.232,0.001964986
2025-06-08 13:46:42.233,0.001893103
2025-06-08 13:46:42.233,0.001871109
2025-06-08 13:46:42.234,0.001912951
2025-06-08 13:46:42.235,0.001980006
2025-06-08 13:46:42.235,0.001888811
2025-06-08 13:46:42.236,0.001821220
2025-06-08 13:46:42.262,0.001895785
2025-06-08 13:46:42.263,0.002019167
2025-06-08 13:46:42.263,0.001946747
2025-06-08 13:46:42.264,0.001884520
2025-06-08 13:46:42.265,0.001875937
2025-06-08 13:46:42.265,0.001953184
2025-06-08 13:46:42.266,0.001953184
2025-06-08 13:46:42.266,0.001947820
2025-06-08 13:46:42.292,0.001932800
2025-06-08 13:46:42.293,0.001992881
2025-06-08 13:46:42.293,0.002049744
2025-06-08 13:46:42.294,0.001942456
2025-06-08 13:46:42.295,0.001902222
2025-06-08 13:46:42.295,0.001984298
2025-06-08 13:46:42.322,0.002004683
2025-06-08 13:46:42.323,0.001919389
2025-06-08 13:46:42.323,0.001919925
2025-06-08 13:46:42.324,0.002013266
2025-06-08 13:46:42.325,0.002003610
2025-06-08 13:46:42.325,0.001937628
2025-06-08 13:46:42.326,0.001885056
2025-06-08 13:46:42.326,0.001917243
2025-06-08 13:46:42.327,0.001978934
2025-06-08 13:46:42.352,0.001877546
2025-06-08 13:46:42.353,0.001831412
2025-06-08 13:46:42.353,0.001839459
2025-06-08 13:46:42.354,0.001936018
2025-06-08 13:46:42.355,0.001909196
2025-06-08 13:46:42.355,0.001875937
2025-06-08 13:46:42.356,0.001884520
2025-06-08 13:46:42.382,0.001906514
2025-06-08 13:46:42.383,0.001914024
2025-06-08 13:46:42.383,0.001837313
2025-06-08 13:46:42.384,0.001819074
2025-06-08 13:46:42.385,0.001889348
2025-06-08 13:46:42.385,0.001964986
2025-06-08 13:46:42.386,0.001865744
2025-06-08 13:46:42.386,0.001840532
2025-06-08 13:46:42.412,0.001904905
2025-06-08 13:46:42.413,0.001922071
2025-06-08 13:46:42.413,0.001873791
2025-06-08 13:46:42.414,0.001881838
2025-06-08 13:46:42.414,0.002022385
2025-06-08 13:46:42.415,0.002192974
2025-06-08 13:46:42.416,0.002231061
2025-06-08 13:46:42.442,0.002246082
2025-06-08 13:46:42.443,0.002298653
2025-06-08 13:46:42.443,0.002201557
2025-06-08 13:46:42.444,0.001942456
2025-06-08 13:46:42.444,0.001693547
2025-06-08 13:46:42.445,0.001736998
2025-06-08 13:46:42.446,0.001880228
2025-06-08 13:46:42.446,0.001920461
2025-06-08 13:46:42.472,0.001856088
2025-06-08 13:46:42.473,0.001833558
2025-06-08 13:46:42.473,0.001904905
2025-06-08 13:46:42.474,0.001905978
2025-06-08 13:46:42.475,0.001864672
2025-06-08 13:46:42.475,0.001843214
2025-06-08 13:46:42.476,0.001927435
2025-06-08 13:46:42.502,0.001928508
2025-06-08 13:46:42.503,0.001861989
2025-06-08 13:46:42.503,0.001871645
2025-06-08 13:46:42.504,0.001952112
2025-06-08 13:46:42.505,0.001931727
2025-06-08 13:46:42.505,0.001892566
2025-06-08 13:46:42.506,0.001834631
2025-06-08 13:46:42.506,0.001920461
2025-06-08 13:46:42.532,0.001934409
2025-06-08 13:46:42.533,0.001931727
2025-06-08 13:46:42.533,0.001879155
2025-06-08 13:46:42.534,0.001920998
2025-06-08 13:46:42.535,0.001958012
2025-06-08 13:46:42.535,0.001905978
2025-06-08 13:46:42.536,0.001841605
2025-06-08 13:46:42.562,0.001899540
2025-06-08 13:46:42.563,0.001975179
2025-06-08 13:46:42.563,0.001934409
2025-06-08 13:46:42.564,0.001875400
2025-06-08 13:46:42.565,0.001932263
2025-06-08 13:46:42.565,0.001985907
2025-06-08 13:46:42.566,0.001950502
2025-06-08 13:46:42.566,0.001928508
2025-06-08 13:46:42.592,0.001920998
2025-06-08 13:46:42.593,0.001970887
2025-06-08 13:46:42.593,0.001985371
2025-06-08 13:46:42.594,0.001912415
2025-06-08 13:46:42.595,0.001998782
2025-06-08 13:46:42.595,0.002012193
2025-06-08 13:46:42.596,0.002052426
2025-06-08 13:46:42.622,0.001966059
2025-06-08 13:46:42.623,0.001946747
2025-06-08 13:46:42.623,0.002020240
2025-06-08 13:46:42.624,0.002095341
2025-06-08 13:46:42.625,0.002064764
2025-06-08 13:46:42.625,0.002015948
2025-06-08 13:46:42.626,0.002093732
2025-06-08 13:46:42.626,0.002131820
2025-06-08 13:46:42.653,0.002080858
2025-06-08 13:46:42.653,0.002021849
2025-06-08 13:46:42.654,0.002057791
2025-06-08 13:46:42.654,0.002136648
2025-06-08 13:46:42.655,0.002087831
2025-06-08 13:46:42.655,0.002022385
2025-06-08 13:46:42.656,0.002066910
2025-06-08 13:46:42.682,0.002125919
2025-06-08 13:46:42.683,0.002064764
2025-06-08 13:46:42.683,0.001990735
2025-06-08 13:46:42.684,0.002007901
2025-06-08 13:46:42.685,0.002061009
2025-06-08 13:46:42.685,0.002040624
2025-06-08 13:46:42.686,0.001947284
2025-06-08 13:46:42.686,0.001884520
2025-06-08 13:46:42.713,0.001983225
2025-06-08 13:46:42.713,0.001947820
2025-06-08 13:46:42.713,0.001903832
2025-06-08 13:46:42.714,0.001912415
2025-06-08 13:46:42.715,0.001912415
2025-06-08 13:46:42.715,0.001925289
2025-06-08 13:46:42.716,0.001892566
2025-06-08 13:46:42.743,0.001851797
2025-06-08 13:46:42.743,0.001912415
2025-06-08 13:46:42.743,0.001931727
2025-06-08 13:46:42.744,0.001831412
2025-06-08 13:46:42.745,0.001860380
2025-06-08 13:46:42.745,0.001907587
2025-06-08 13:46:42.746,0.001980006
2025-06-08 13:46:42.746,0.001917243
2025-06-08 13:46:42.773,0.001829803
2025-06-08 13:46:42.773,0.001866817
2025-06-08 13:46:42.773,0.001916706
2025-06-08 13:46:42.774,0.001902759
2025-06-08 13:46:42.775,0.001843214
2025-06-08 13:46:42.775,0.001893639
2025-06-08 13:46:42.776,0.001947820
2025-06-08 13:46:42.803,0.001898467
2025-06-08 13:46:42.803,0.001822829
2025-06-08 13:46:42.803,0.001846969
2025-06-08 13:46:42.804,0.001935482
2025-06-08 13:46:42.805,0.001953721
2025-06-08 13:46:42.805,0.001851260
2025-06-08 13:46:42.806,0.001834631
2025-06-08 13:46:42.807,0.001956939
2025-06-08 13:46:42.832,0.001973569
2025-06-08 13:46:42.833,0.001859844
2025-06-08 13:46:42.833,0.001790643
2025-06-08 13:46:42.834,0.001941383
2025-06-08 13:46:42.835,0.001982689
2025-06-08 13:46:42.835,0.001905978
2025-06-08 13:46:42.836,0.001853943
2025-06-08 13:46:42.862,0.001924753
2025-06-08 13:46:42.863,0.001985371
2025-06-08 13:46:42.863,0.001895785
2025-06-08 13:46:42.864,0.001822293
2025-06-08 13:46:42.865,0.001904905
2025-06-08 13:46:42.866,0.001967668
2025-06-08 13:46:42.866,0.001943528
2025-06-08 13:46:42.867,0.001901150
2025-06-08 13:46:42.893,0.001881301
2025-06-08 13:46:42.893,0.001912415
2025-06-08 13:46:42.893,0.001903295
2025-06-08 13:46:42.894,0.001823902
2025-06-08 13:46:42.895,0.001888811
2025-06-08 13:46:42.895,0.001976251
2025-06-08 13:46:42.896,0.001972496
2025-06-08 13:46:42.922,0.001852870
2025-06-08 13:46:42.923,0.001820147
2025-06-08 13:46:42.923,0.001908123
2025-06-08 13:46:42.924,0.001910269
2025-06-08 13:46:42.925,0.001894176
2025-06-08 13:46:42.925,0.001873791
2025-06-08 13:46:42.926,0.001908123
2025-06-08 13:46:42.926,0.001930117
2025-06-08 13:46:42.953,0.001871109
2025-06-08 13:46:42.953,0.001902222
2025-06-08 13:46:42.953,0.001926362
2025-06-08 13:46:42.954,0.001914561
2025-06-08 13:46:42.955,0.001895785
2025-06-08 13:46:42.955,0.001866281
2025-06-08 13:46:42.956,0.001897931
2025-06-08 13:46:42.982,0.001941383
2025-06-08 13:46:42.983,0.001910269
2025-06-08 13:46:42.983,0.001868427
2025-06-08 13:46:42.984,0.001924753
2025-06-08 13:46:42.985,0.001901150
2025-06-08 13:46:42.985,0.001944601
2025-06-08 13:46:42.986,0.001933872
2025-06-08 13:46:42.987,0.001941383
2025-06-08 13:46:43.013,0.002003073
2025-06-08 13:46:43.013,0.002006292
2025-06-08 13:46:43.013,0.001923144
2025-06-08 13:46:43.014,0.001899540
2025-06-08 13:46:43.015,0.001994490
2025-06-08 13:46:43.016,0.002020240
2025-06-08 13:46:43.016,0.001898467
2025-06-08 13:46:43.043,0.001893639
2025-06-08 13:46:43.043,0.001978934
2025-06-08 13:46:43.044,0.001950502
2025-06-08 13:46:43.044,0.001892566
2025-06-08 13:46:43.045,0.001828730
2025-06-08 13:46:43.045,0.001893103
2025-06-08 13:46:43.046,0.001928508
2025-06-08 13:46:43.046,0.001890421
2025-06-08 13:46:43.073,0.001857161
2025-06-08 13:46:43.073,0.001867890
2025-06-08 13:46:43.073,0.001889348
2025-06-08 13:46:43.074,0.001880765
2025-06-08 13:46:43.075,0.001837849
2025-06-08 13:46:43.075,0.001856625
2025-06-08 13:46:43.076,0.001935482
2025-06-08 13:46:43.103,0.001819074
2025-06-08 13:46:43.103,0.001801371
2025-06-08 13:46:43.103,0.001815319
2025-06-08 13:46:43.104,0.001933336
2025-06-08 13:46:43.105,0.001922607
2025-06-08 13:46:43.105,0.001824438
2025-06-08 13:46:43.106,0.001842677
2025-06-08 13:46:43.106,0.001911342
2025-06-08 13:46:43.133,0.001920998
2025-06-08 13:46:43.133,0.001938700
2025-06-08 13:46:43.133,0.002024531
2025-06-08 13:46:43.134,0.002247155
2025-06-08 13:46:43.135,0.002309918
2025-06-08 13:46:43.135,0.002276659
2025-06-08 13:46:43.136,0.002162933
2025-06-08 13:46:43.163,0.002040624
2025-06-08 13:46:43.163,0.001796007
2025-06-08 13:46:43.163,0.001657605
2025-06-08 13:46:43.164,0.001698375
2025-06-08 13:46:43.165,0.001850724
2025-06-08 13:46:43.165,0.001997709
2025-06-08 13:46:43.166,0.001919925
2025-06-08 13:46:43.166,0.001791715
2025-06-08 13:46:43.193,0.001827121
2025-06-08 13:46:43.193,0.001879692
2025-06-08 13:46:43.193,0.001824438
2025-06-08 13:46:43.194,0.001789033
2025-06-08 13:46:43.195,0.001865744
2025-06-08 13:46:43.196,0.001956939
2025-06-08 13:46:43.196,0.001914561
2025-06-08 13:46:43.223,0.001836240
2025-06-08 13:46:43.223,0.001830339
2025-06-08 13:46:43.223,0.001907587
2025-06-08 13:46:43.224,0.001924753
2025-06-08 13:46:43.225,0.001859844
2025-06-08 13:46:43.225,0.001832485
2025-06-08 13:46:43.226,0.001915633
2025-06-08 13:46:43.226,0.001947820
2025-06-08 13:46:43.252,0.001872718
2025-06-08 13:46:43.253,0.001826584
2025-06-08 13:46:43.254,0.001883983
2025-06-08 13:46:43.254,0.001970351
2025-06-08 13:46:43.255,0.001938700
2025-06-08 13:46:43.255,0.001797616
2025-06-08 13:46:43.256,0.001909733
2025-06-08 13:46:43.283,0.001966595
2025-06-08 13:46:43.283,0.001912415
2025-06-08 13:46:43.283,0.001853943
2025-06-08 13:46:43.284,0.001914024
2025-06-08 13:46:43.285,0.001976251
2025-06-08 13:46:43.285,0.001940846
2025-06-08 13:46:43.286,0.001839995
2025-06-08 13:46:43.286,0.001900613
2025-06-08 13:46:43.313,0.001978397
2025-06-08 13:46:43.313,0.001992345
2025-06-08 13:46:43.313,0.001944065
2025-06-08 13:46:43.314,0.001919925
2025-06-08 13:46:43.315,0.002028823
2025-06-08 13:46:43.316,0.002049744
2025-06-08 13:46:43.316,0.001967668
2025-06-08 13:46:43.342,0.001948356
2025-06-08 13:46:43.343,0.002040088
2025-06-08 13:46:43.343,0.002063155
2025-06-08 13:46:43.344,0.002039552
2025-06-08 13:46:43.345,0.002015412
2025-06-08 13:46:43.345,0.002071202
2025-06-08 13:46:43.346,0.002128601
2025-06-08 13:46:43.346,0.002077102
2025-06-08 13:46:43.372,0.002021849
2025-06-08 13:46:43.373,0.002101779
2025-06-08 13:46:43.373,0.002152741
2025-06-08 13:46:43.374,0.002040088
2025-06-08 13:46:43.375,0.001916706
2025-06-08 13:46:43.375,0.002017557
2025-06-08 13:46:43.376,0.002091050
2025-06-08 13:46:43.402,0.002000928
2025-06-08 13:46:43.403,0.001905978
2025-06-08 13:46:43.403,0.001923680
2025-06-08 13:46:43.404,0.001977861
2025-06-08 13:46:43.405,0.001932263
2025-06-08 13:46:43.405,0.001891494
2025-06-08 13:46:43.406,0.001902222
2025-06-08 13:46:43.406,0.002010584
2025-06-08 13:46:43.432,0.001995027
2025-06-08 13:46:43.433,0.001822829
2025-06-08 13:46:43.433,0.001786351
2025-06-08 13:46:43.434,0.001931727
2025-06-08 13:46:43.435,0.001949429
2025-06-08 13:46:43.435,0.001868427
2025-06-08 13:46:43.436,0.001861989
2025-06-08 13:46:43.462,0.001892566
2025-06-08 13:46:43.463,0.001932800
2025-06-08 13:46:43.463,0.001863599
2025-06-08 13:46:43.464,0.001841068
2025-06-08 13:46:43.465,0.001863599
2025-06-08 13:46:43.465,0.001874327
2025-06-08 13:46:43.467,0.001876473
2025-06-08 13:46:43.467,0.001843214
2025-06-08 13:46:43.493,0.001828730
2025-06-08 13:46:43.493,0.001922071
2025-06-08 13:46:43.494,0.001908660
2025-06-08 13:46:43.494,0.001825511
2025-06-08 13:46:43.495,0.001805126
2025-06-08 13:46:43.495,0.001865744
2025-06-08 13:46:43.496,0.001887202
2025-06-08 13:46:43.523,0.001849651
2025-06-08 13:46:43.523,0.001866817
2025-06-08 13:46:43.524,0.001937628
2025-06-08 13:46:43.524,0.001920998
2025-06-08 13:46:43.525,0.001842141
2025-06-08 13:46:43.525,0.001757383
2025-06-08 13:46:43.526,0.001878083
2025-06-08 13:46:43.527,0.001955867
2025-06-08 13:46:43.553,0.001897394
2025-06-08 13:46:43.553,0.001864135
2025-06-08 13:46:43.554,0.001907587
2025-06-08 13:46:43.554,0.001925289
2025-06-08 13:46:43.555,0.001881301
2025-06-08 13:46:43.555,0.001841068
2025-06-08 13:46:43.556,0.001864672
2025-06-08 13:46:43.583,0.001923680
2025-06-08 13:46:43.583,0.001892030
2025-06-08 13:46:43.583,0.001826048
2025-06-08 13:46:43.584,0.001873255
2025-06-08 13:46:43.585,0.001926362
2025-06-08 13:46:43.585,0.001856625
2025-06-08 13:46:43.586,0.001806736
2025-06-08 13:46:43.586,0.001866281
2025-06-08 13:46:43.613,0.001930654
2025-06-08 13:46:43.613,0.001909733
2025-06-08 13:46:43.613,0.001817465
2025-06-08 13:46:43.614,0.001863599
2025-06-08 13:46:43.615,0.001926362
2025-06-08 13:46:43.615,0.001930654
2025-06-08 13:46:43.616,0.001848042
2025-06-08 13:46:43.642,0.001827121
2025-06-08 13:46:43.643,0.001961231
2025-06-08 13:46:43.643,0.002013266
2025-06-08 13:46:43.644,0.001883447
2025-06-08 13:46:43.645,0.001871109
2025-06-08 13:46:43.645,0.001963913
2025-06-08 13:46:43.646,0.001964450
2025-06-08 13:46:43.647,0.001900077
2025-06-08 13:46:43.673,0.001931727
2025-06-08 13:46:43.673,0.001945138
2025-06-08 13:46:43.673,0.001995027
2025-06-08 13:46:43.674,0.001955330
2025-06-08 13:46:43.675,0.001895249
2025-06-08 13:46:43.676,0.001917779
2025-06-08 13:46:43.676,0.001989126
2025-06-08 13:46:43.702,0.001892030
2025-06-08 13:46:43.703,0.001842141
2025-06-08 13:46:43.703,0.001826048
2025-06-08 13:46:43.704,0.001860916
2025-06-08 13:46:43.705,0.001871109
2025-06-08 13:46:43.705,0.001846432
2025-06-08 13:46:43.706,0.001816928
2025-06-08 13:46:43.706,0.001873791
2025-06-08 13:46:43.733,0.001865744
2025-06-08 13:46:43.733,0.001843214
2025-06-08 13:46:43.734,0.001781523
2025-06-08 13:46:43.734,0.001867890
2025-06-08 13:46:43.735,0.001879155
2025-06-08 13:46:43.735,0.001819074
2025-06-08 13:46:43.736,0.001790106
2025-06-08 13:46:43.762,0.001843214
2025-06-08 13:46:43.763,0.001885056
2025-06-08 13:46:43.764,0.001830876
2025-06-08 13:46:43.764,0.001829266
2025-06-08 13:46:43.765,0.001835704
2025-06-08 13:46:43.765,0.001923144
2025-06-08 13:46:43.766,0.001925289
2025-06-08 13:46:43.766,0.001932800
2025-06-08 13:46:43.793,0.002121627
2025-06-08 13:46:43.793,0.002292752
2025-06-08 13:46:43.793,0.002225160
2025-06-08 13:46:43.794,0.002114117
2025-06-08 13:46:43.795,0.001974642
2025-06-08 13:46:43.795,0.001796543
2025-06-08 13:46:43.796,0.001655459
2025-06-08 13:46:43.823,0.001556754
2025-06-08 13:46:43.823,0.001716077
2025-06-08 13:46:43.824,0.001853943
2025-06-08 13:46:43.824,0.001877010
2025-06-08 13:46:43.825,0.001783132
2025-06-08 13:46:43.825,0.001868427
2025-06-08 13:46:43.826,0.001938164
2025-06-08 13:46:43.827,0.001867354
2025-06-08 13:46:43.853,0.001779914
2025-06-08 13:46:43.853,0.001777231
2025-06-08 13:46:43.853,0.001863062
2025-06-08 13:46:43.854,0.001903295
2025-06-08 13:46:43.855,0.001841605
2025-06-08 13:46:43.855,0.001801908
2025-06-08 13:46:43.856,0.001900613
2025-06-08 13:46:43.882,0.001973033
2025-06-08 13:46:43.883,0.001881838
2025-06-08 13:46:43.883,0.001817465
2025-06-08 13:46:43.884,0.001874327
2025-06-08 13:46:43.885,0.001927972
2025-06-08 13:46:43.885,0.001866281
2025-06-08 13:46:43.886,0.001860380
2025-06-08 13:46:43.886,0.001861989
2025-06-08 13:46:43.913,0.001856088
2025-06-08 13:46:43.913,0.001871645
2025-06-08 13:46:43.913,0.001855552
2025-06-08 13:46:43.914,0.001877010
2025-06-08 13:46:43.915,0.001946211
2025-06-08 13:46:43.915,0.001921534
2025-06-08 13:46:43.916,0.001882374
2025-06-08 13:46:43.942,0.001903832
2025-06-08 13:46:43.943,0.001985907
2025-06-08 13:46:43.943,0.001958549
2025-06-08 13:46:43.944,0.001862526
2025-06-08 13:46:43.945,0.001870572
2025-06-08 13:46:43.945,0.002015948
2025-06-08 13:46:43.946,0.001997709
2025-06-08 13:46:43.946,0.001898467
2025-06-08 13:46:43.972,0.001925289
2025-06-08 13:46:43.973,0.002017021
2025-06-08 13:46:43.973,0.002014875
2025-06-08 13:46:43.974,0.001962840
2025-06-08 13:46:43.975,0.001968205
2025-06-08 13:46:43.975,0.002056718
2025-06-08 13:46:43.976,0.002106070
2025-06-08 13:46:44.003,0.002058863
2025-06-08 13:46:44.003,0.002011120
2025-06-08 13:46:44.004,0.002039015
2025-06-08 13:46:44.004,0.002098024
2025-06-08 13:46:44.005,0.002059400
2025-06-08 13:46:44.006,0.002006292
2025-06-08 13:46:44.006,0.002058863
2025-06-08 13:46:44.007,0.002138793
2025-06-08 13:46:44.033,0.002063155
2025-06-08 13:46:44.033,0.001998782
2025-06-08 13:46:44.034,0.002000391
2025-06-08 13:46:44.034,0.002065301
2025-06-08 13:46:44.035,0.002035796
2025-06-08 13:46:44.035,0.001923680
2025-06-08 13:46:44.036,0.001946747
2025-06-08 13:46:44.063,0.002000391
2025-06-08 13:46:44.063,0.001967668
2025-06-08 13:46:44.064,0.001883447
2025-06-08 13:46:44.064,0.001857161
2025-06-08 13:46:44.065,0.001915097
2025-06-08 13:46:44.065,0.001933336
2025-06-08 13:46:44.066,0.001886666
2025-06-08 13:46:44.066,0.001820147
2025-06-08 13:46:44.093,0.001880228
2025-06-08 13:46:44.093,0.001936018
2025-06-08 13:46:44.094,0.001861453
2025-06-08 13:46:44.094,0.001796543
2025-06-08 13:46:44.095,0.001842141
2025-06-08 13:46:44.095,0.001947284
2025-06-08 13:46:44.096,0.001883447
2025-06-08 13:46:44.123,0.001831412
2025-06-08 13:46:44.123,0.001860380
2025-06-08 13:46:44.124,0.001902222
2025-06-08 13:46:44.124,0.001882911
2025-06-08 13:46:44.125,0.001834631
2025-06-08 13:46:44.125,0.001855016
2025-06-08 13:46:44.126,0.001857698
2025-06-08 13:46:44.126,0.001859844
2025-06-08 13:46:44.153,0.001823902
2025-06-08 13:46:44.153,0.001834094
2025-06-08 13:46:44.153,0.001913488
2025-06-08 13:46:44.154,0.001883983
2025-06-08 13:46:44.155,0.001849651
2025-06-08 13:46:44.155,0.001823365
2025-06-08 13:46:44.156,0.001858234
2025-06-08 13:46:44.183,0.001910269
2025-06-08 13:46:44.183,0.001855016
2025-06-08 13:46:44.183,0.001817465
2025-06-08 13:46:44.184,0.001900613
2025-06-08 13:46:44.185,0.001938700
2025-06-08 13:46:44.185,0.001862526
2025-06-08 13:46:44.186,0.001813710
2025-06-08 13:46:44.186,0.001876473
2025-06-08 13:46:44.213,0.001936018
2025-06-08 13:46:44.213,0.001871645
2025-06-08 13:46:44.213,0.001825511
2025-06-08 13:46:44.215,0.001887202
2025-06-08 13:46:44.215,0.001932800
2025-06-08 13:46:44.216,0.001903832
2025-06-08 13:46:44.216,0.001859307
2025-06-08 13:46:44.217,0.001834094
2025-06-08 13:46:44.243,0.001895785
2025-06-08 13:46:44.243,0.001912951
2025-06-08 13:46:44.244,0.001842141
2025-06-08 13:46:44.244,0.001816392
2025-06-08 13:46:44.245,0.001886129
2025-06-08 13:46:44.245,0.001940846
2025-06-08 13:46:44.246,0.001831412
2025-06-08 13:46:44.273,0.001815855
2025-06-08 13:46:44.273,0.001894712
2025-06-08 13:46:44.273,0.001942456
2025-06-08 13:46:44.274,0.001915633
2025-06-08 13:46:44.275,0.001836240
2025-06-08 13:46:44.275,0.001911342
2025-06-08 13:46:44.276,0.001948893
2025-06-08 13:46:44.302,0.001882911
2025-06-08 13:46:44.303,0.001862526
2025-06-08 13:46:44.303,0.002005219
2025-06-08 13:46:44.304,0.002049744
2025-06-08 13:46:44.305,0.001967668
2025-06-08 13:46:44.305,0.001820683
2025-06-08 13:46:44.306,0.001846969
2025-06-08 13:46:44.306,0.001970351
2025-06-08 13:46:44.332,0.001935482
2025-06-08 13:46:44.333,0.001841068
2025-06-08 13:46:44.334,0.001858771
2025-06-08 13:46:44.334,0.001970887
2025-06-08 13:46:44.335,0.001952112
2025-06-08 13:46:44.335,0.001816392
2025-06-08 13:46:44.336,0.001855552
2025-06-08 13:46:44.363,0.001931190
2025-06-08 13:46:44.363,0.001911342
2025-06-08 13:46:44.364,0.001837849
2025-06-08 13:46:44.364,0.001851797
2025-06-08 13:46:44.365,0.001906514
2025-06-08 13:46:44.365,0.001901150
2025-06-08 13:46:44.366,0.001838922
2025-06-08 13:46:44.367,0.001785278
2025-06-08 13:46:44.393,0.001865744
2025-06-08 13:46:44.393,0.001920998
2025-06-08 13:46:44.393,0.001861989
2025-06-08 13:46:44.394,0.001783669
2025-06-08 13:46:44.395,0.001841068
2025-06-08 13:46:44.395,0.001894712
2025-06-08 13:46:44.396,0.001839995
2025-06-08 13:46:44.422,0.001768112
2025-06-08 13:46:44.423,0.001868963
2025-06-08 13:46:44.423,0.001887202
2025-06-08 13:46:44.424,0.001849651
2025-06-08 13:46:44.425,0.001858234
2025-06-08 13:46:44.425,0.002007365
2025-06-08 13:46:44.426,0.002180636
2025-06-08 13:46:44.426,0.002257883
2025-06-08 13:46:44.453,0.002223015
2025-06-08 13:46:44.453,0.002195656
2025-06-08 13:46:44.453,0.002059400
2025-06-08 13:46:44.454,0.001796543
2025-06-08 13:46:44.455,0.001703739
2025-06-08 13:46:44.455,0.001764357
2025-06-08 13:46:44.456,0.001822829
2025-06-08 13:46:44.482,0.001894176
2025-06-08 13:46:44.483,0.001857698
2025-06-08 13:46:44.483,0.001845896
2025-06-08 13:46:44.484,0.001838922
2025-06-08 13:46:44.485,0.001912415
2025-06-08 13:46:44.485,0.001873791
2025-06-08 13:46:44.486,0.001801908
2025-06-08 13:46:44.486,0.001815319
2025-06-08 13:46:44.513,0.001864135
2025-06-08 13:46:44.513,0.001889884
2025-06-08 13:46:44.514,0.001804054
2025-06-08 13:46:44.514,0.001831949
2025-06-08 13:46:44.515,0.001901150
2025-06-08 13:46:44.515,0.001844823
2025-06-08 13:46:44.516,0.001808882
2025-06-08 13:46:44.543,0.001856088
2025-06-08 13:46:44.543,0.001934945
2025-06-08 13:46:44.544,0.001896858
2025-06-08 13:46:44.544,0.001880228
2025-06-08 13:46:44.545,0.001857698
2025-06-08 13:46:44.545,0.001920998
2025-06-08 13:46:44.546,0.001925826
2025-06-08 13:46:44.546,0.001805663
2025-06-08 13:46:44.573,0.001867354
2025-06-08 13:46:44.573,0.001954257
2025-06-08 13:46:44.573,0.001947820
2025-06-08 13:46:44.574,0.001898467
2025-06-08 13:46:44.575,0.001864135
2025-06-08 13:46:44.575,0.001925826
2025-06-08 13:46:44.576,0.001954794
2025-06-08 13:46:44.603,0.001870036
2025-06-08 13:46:44.603,0.001844823
2025-06-08 13:46:44.603,0.001922071
2025-06-08 13:46:44.604,0.001946211
2025-06-08 13:46:44.605,0.001911342
2025-06-08 13:46:44.605,0.001889884
2025-06-08 13:46:44.606,0.001959622
2025-06-08 13:46:44.606,0.002024531
2025-06-08 13:46:44.633,0.002008438
2025-06-08 13:46:44.663,0.001953184
2025-06-08 13:46:44.663,0.001983762
2025-06-08 13:46:44.664,0.002019703
2025-06-08 13:46:44.664,0.002013266
2025-06-08 13:46:44.665,0.001999855
2025-06-08 13:46:44.665,0.002063691
2025-06-08 13:46:44.666,0.002130210
2025-06-08 13:46:44.667,0.002096951
2025-06-08 13:46:44.667,0.002009511
2025-06-08 13:46:44.668,0.002036869
2025-06-08 13:46:44.668,0.002107143
2025-06-08 13:46:44.669,0.002079248
2025-06-08 13:46:44.669,0.001990735
2025-06-08 13:46:44.670,0.001984298
2025-06-08 13:46:44.671,0.002020240
2025-06-08 13:46:44.693,0.002044380
2025-06-08 13:46:44.693,0.001962840
2025-06-08 13:46:44.693,0.001910805
2025-06-08 13:46:44.694,0.001986980
2025-06-08 13:46:44.695,0.001977324
2025-06-08 13:46:44.695,0.001912951
2025-06-08 13:46:44.723,0.001841605
2025-06-08 13:46:44.723,0.001886129
2025-06-08 13:46:44.723,0.001925826
2025-06-08 13:46:44.724,0.001911342
2025-06-08 13:46:44.725,0.001863599
2025-06-08 13:46:44.725,0.001912415
2025-06-08 13:46:44.726,0.001944065
2025-06-08 13:46:44.726,0.001943528
2025-06-08 13:46:44.843,0.001806736
2025-06-08 13:46:44.873,0.001833021
2025-06-08 13:46:44.873,0.001933872
2025-06-08 13:46:44.873,0.001919389
2025-06-08 13:46:44.874,0.001820683
2025-06-08 13:46:44.875,0.001843750
2025-06-08 13:46:44.875,0.001933872
2025-06-08 13:46:44.876,0.001893103
2025-06-08 13:46:44.876,0.001811027
2025-06-08 13:46:44.877,0.001813173
2025-06-08 13:46:44.878,0.001877010
2025-06-08 13:46:44.878,0.001906514
2025-06-08 13:46:44.879,0.001855016
2025-06-08 13:46:44.879,0.001939237
2025-06-08 13:46:44.880,0.001898467
2025-06-08 13:46:44.881,0.001855016
2025-06-08 13:46:44.881,0.001841068
2025-06-08 13:46:44.903,0.001903295
2025-06-08 13:46:44.903,0.001873791
2025-06-08 13:46:44.904,0.001867354
2025-06-08 13:46:44.904,0.001871645
2025-06-08 13:46:44.905,0.001893639
2025-06-08 13:46:44.905,0.001923680
2025-06-08 13:46:44.933,0.001887202
2025-06-08 13:46:44.933,0.001840532
2025-06-08 13:46:44.934,0.001879692
2025-06-08 13:46:44.934,0.001945138
2025-06-08 13:46:44.935,0.001930654
2025-06-08 13:46:44.935,0.001853406
2025-06-08 13:46:44.936,0.001911342
2025-06-08 13:46:44.963,0.001911878
2025-06-08 13:46:44.963,0.001938164
2025-06-08 13:46:44.963,0.001928508
2025-06-08 13:46:44.964,0.001951039
2025-06-08 13:46:44.965,0.001984834
2025-06-08 13:46:44.965,0.001941919
2025-06-08 13:46:44.966,0.001877010
2025-06-08 13:46:44.967,0.001908123
2025-06-08 13:46:44.992,0.001989126
2025-06-08 13:46:44.993,0.001988053
2025-06-08 13:46:44.993,0.001897931
2025-06-08 13:46:44.994,0.001867354
2025-06-08 13:46:44.995,0.001962304
2025-06-08 13:46:44.995,0.001993418
2025-06-08 13:46:44.996,0.001871109
2025-06-08 13:46:45.023,0.001813173
2025-06-08 13:46:45.023,0.001871645
2025-06-08 13:46:45.024,0.001908123
2025-06-08 13:46:45.024,0.001826048
2025-06-08 13:46:45.025,0.001801371
2025-06-08 13:46:45.025,0.001836777
2025-06-08 13:46:45.026,0.001875400
2025-06-08 13:46:45.026,0.001836777
2025-06-08 13:46:45.053,0.001843750
2025-06-08 13:46:45.053,0.001855552
2025-06-08 13:46:45.054,0.001907587
2025-06-08 13:46:45.054,0.001880765
2025-06-08 13:46:45.055,0.001802981
2025-06-08 13:46:45.055,0.001860916
2025-06-08 13:46:45.056,0.001909196
2025-06-08 13:46:45.083,0.001880765
2025-06-08 13:46:45.083,0.001812637
2025-06-08 13:46:45.083,0.001801371
2025-06-08 13:46:45.084,0.001914024
2025-06-08 13:46:45.085,0.001950502
2025-06-08 13:46:45.085,0.001943528
2025-06-08 13:46:45.086,0.002050280
2025-06-08 13:46:45.086,0.002262711
2025-06-08 13:46:45.113,0.002335131
2025-06-08 13:46:45.113,0.002234816
2025-06-08 13:46:45.113,0.002145231
2025-06-08 13:46:45.114,0.001979470
2025-06-08 13:46:45.115,0.001776159
2025-06-08 13:46:45.115,0.001694083
2025-06-08 13:46:45.116,0.001755237
2025-06-08 13:46:45.143,0.001903295
2025-06-08 13:46:45.143,0.001906514
2025-06-08 13:46:45.144,0.001855016
2025-06-08 13:46:45.144,0.001835167
2025-06-08 13:46:45.145,0.001851260
2025-06-08 13:46:45.145,0.001891494
2025-06-08 13:46:45.146,0.001850724
2025-06-08 13:46:45.146,0.001824438
2025-06-08 13:46:45.173,0.001870036
2025-06-08 13:46:45.173,0.001911342
2025-06-08 13:46:45.173,0.001881301
2025-06-08 13:46:45.174,0.001828730
2025-06-08 13:46:45.175,0.001855552
2025-06-08 13:46:45.175,0.001919925
2025-06-08 13:46:45.176,0.001928508
2025-06-08 13:46:45.203,0.001871109
2025-06-08 13:46:45.203,0.001844823
2025-06-08 13:46:45.203,0.001908660
2025-06-08 13:46:45.204,0.001911878
2025-06-08 13:46:45.205,0.001836777
2025-06-08 13:46:45.205,0.001822829
2025-06-08 13:46:45.206,0.001909733
2025-06-08 13:46:45.206,0.001923680
2025-06-08 13:46:45.233,0.001889348
2025-06-08 13:46:45.233,0.001859307
2025-06-08 13:46:45.233,0.001902222
2025-06-08 13:46:45.234,0.001975715
2025-06-08 13:46:45.235,0.001889884
2025-06-08 13:46:45.235,0.001829266
2025-06-08 13:46:45.236,0.001883447
2025-06-08 13:46:45.263,0.001975179
2025-06-08 13:46:45.263,0.001947820
2025-06-08 13:46:45.263,0.001915633
2025-06-08 13:46:45.264,0.001931190
2025-06-08 13:46:45.265,0.001938164
2025-06-08 13:46:45.265,0.001954257
2025-06-08 13:46:45.266,0.001965523
2025-06-08 13:46:45.266,0.001959622
2025-06-08 13:46:45.293,0.001993954
2025-06-08 13:46:45.293,0.002028823
2025-06-08 13:46:45.293,0.001985371
2025-06-08 13:46:45.294,0.001966595
2025-06-08 13:46:45.295,0.002066910
2025-06-08 13:46:45.295,0.002104997
2025-06-08 13:46:45.296,0.001999318
2025-06-08 13:46:45.323,0.001991272
2025-06-08 13:46:45.323,0.002059400
2025-06-08 13:46:45.323,0.002080321
2025-06-08 13:46:45.324,0.002047598
2025-06-08 13:46:45.325,0.002066910
2025-06-08 13:46:45.325,0.002098024
2025-06-08 13:46:45.326,0.002097487
2025-06-08 13:46:45.326,0.002024531
2025-06-08 13:46:45.353,0.001987517
2025-06-08 13:46:45.353,0.002050280
2025-06-08 13:46:45.353,0.002093732
2025-06-08 13:46:45.354,0.001973569
2025-06-08 13:46:45.355,0.001927972
2025-06-08 13:46:45.355,0.001948893
2025-06-08 13:46:45.356,0.002009511
2025-06-08 13:46:45.382,0.001955867
2025-06-08 13:46:45.383,0.001831412
2025-06-08 13:46:45.383,0.001863062
2025-06-08 13:46:45.384,0.001978397
2025-06-08 13:46:45.385,0.001936555
2025-06-08 13:46:45.385,0.001877010
2025-06-08 13:46:45.386,0.001824438
2025-06-08 13:46:45.386,0.001867890
2025-06-08 13:46:45.412,0.001942456
2025-06-08 13:46:45.413,0.001887202
2025-06-08 13:46:45.413,0.001848042
2025-06-08 13:46:45.414,0.001879692
2025-06-08 13:46:45.415,0.001955867
2025-06-08 13:46:45.415,0.001895785
2025-06-08 13:46:45.416,0.001811027
2025-06-08 13:46:45.443,0.001884520
2025-06-08 13:46:45.443,0.001926362
2025-06-08 13:46:45.443,0.001898467
2025-06-08 13:46:45.444,0.001848578
2025-06-08 13:46:45.445,0.001868427
2025-06-08 13:46:45.445,0.001893639
2025-06-08 13:46:45.446,0.001859844
2025-06-08 13:46:45.446,0.001835704
2025-06-08 13:46:45.472,0.001838922
2025-06-08 13:46:45.473,0.001930654
2025-06-08 13:46:45.473,0.001896322
2025-06-08 13:46:45.474,0.001832485
2025-06-08 13:46:45.475,0.001826584
2025-06-08 13:46:45.476,0.001954257
2025-06-08 13:46:45.476,0.001937091
2025-06-08 13:46:45.503,0.001860916
2025-06-08 13:46:45.503,0.001846432
2025-06-08 13:46:45.504,0.001885593
2025-06-08 13:46:45.504,0.001888811
2025-06-08 13:46:45.505,0.001879692
2025-06-08 13:46:45.505,0.001867354
2025-06-08 13:46:45.506,0.001927435
2025-06-08 13:46:45.506,0.001930117
2025-06-08 13:46:45.532,0.001836240
2025-06-08 13:46:45.533,0.001781523
2025-06-08 13:46:45.533,0.001883447
2025-06-08 13:46:45.534,0.001928508
2025-06-08 13:46:45.535,0.001852870
2025-06-08 13:46:45.535,0.001848578
2025-06-08 13:46:45.536,0.001910805
2025-06-08 13:46:45.563,0.001927972
2025-06-08 13:46:45.563,0.001845896
2025-06-08 13:46:45.564,0.001839459
2025-06-08 13:46:45.564,0.001868427
2025-06-08 13:46:45.565,0.001932263
2025-06-08 13:46:45.565,0.001937091
2025-06-08 13:46:45.566,0.001832485
2025-06-08 13:46:45.566,0.001845360
2025-06-08 13:46:45.593,0.001944065
2025-06-08 13:46:45.593,0.001942456
2025-06-08 13:46:45.593,0.001825511
2025-06-08 13:46:45.594,0.001820683
2025-06-08 13:46:45.595,0.001882374
2025-06-08 13:46:45.595,0.001923680
2025-06-08 13:46:45.596,0.001887202
2025-06-08 13:46:45.623,0.001861453
2025-06-08 13:46:45.623,0.001904368
2025-06-08 13:46:45.624,0.001927972
2025-06-08 13:46:45.624,0.001882374
2025-06-08 13:46:45.625,0.001882374
2025-06-08 13:46:45.625,0.001977861
2025-06-08 13:46:45.626,0.002051353
2025-06-08 13:46:45.626,0.001997173
2025-06-08 13:46:45.653,0.001884520
2025-06-08 13:46:45.653,0.001929045
2025-06-08 13:46:45.653,0.001925826
2025-06-08 13:46:45.654,0.001931727
2025-06-08 13:46:45.655,0.001920998
2025-06-08 13:46:45.655,0.001975179
2025-06-08 13:46:45.656,0.001945138
2025-06-08 13:46:45.683,0.001909196
2025-06-08 13:46:45.683,0.001867890
2025-06-08 13:46:45.683,0.001900613
2025-06-08 13:46:45.684,0.001958549
2025-06-08 13:46:45.685,0.001907587
2025-06-08 13:46:45.685,0.001820683
2025-06-08 13:46:45.686,0.001833021
2025-06-08 13:46:45.686,0.001914561
2025-06-08 13:46:45.713,0.001886129
2025-06-08 13:46:45.713,0.001827121
2025-06-08 13:46:45.714,0.001871645
2025-06-08 13:46:45.714,0.001895785
2025-06-08 13:46:45.715,0.001931727
2025-06-08 13:46:45.715,0.001864672
2025-06-08 13:46:45.716,0.001778304
2025-06-08 13:46:45.743,0.001857698
2025-06-08 13:46:45.743,0.001909196
2025-06-08 13:46:45.743,0.001851797
2025-06-08 13:46:45.744,0.001808882
2025-06-08 13:46:45.745,0.001849651
2025-06-08 13:46:45.745,0.001907587
2025-06-08 13:46:45.746,0.001839995
2025-06-08 13:46:45.746,0.001841605
2025-06-08 13:46:45.773,0.001885593
2025-06-08 13:46:45.773,0.001989126
2025-06-08 13:46:45.773,0.002074420
2025-06-08 13:46:45.774,0.002193510
2025-06-08 13:46:45.775,0.002304554
2025-06-08 13:46:45.775,0.002328694
2025-06-08 13:46:45.776,0.002230525
2025-06-08 13:46:45.803,0.002041697
2025-06-08 13:46:45.803,0.001819074
2025-06-08 13:46:45.803,0.001711249
2025-06-08 13:46:45.804,0.001796543
2025-06-08 13:46:45.805,0.001844287
2025-06-08 13:46:45.833,0.001872718
2025-06-08 13:46:45.833,0.001909733
2025-06-08 13:46:45.834,0.001897394
2025-06-08 13:46:45.834,0.001835704
2025-06-08 13:46:45.834,0.001823365
2025-06-08 13:46:45.836,0.001902759
2025-06-08 13:46:45.836,0.001888275
2025-06-08 13:46:45.836,0.001826584
2025-06-08 13:46:45.837,0.001813710
2025-06-08 13:46:45.838,0.001866817
2025-06-08 13:46:45.838,0.001922607
2025-06-08 13:46:45.863,0.001933872
2025-06-08 13:46:45.863,0.001845896
2025-06-08 13:46:45.863,0.001871645
2025-06-08 13:46:45.864,0.001923680
2025-06-08 13:46:45.865,0.001929045
2025-06-08 13:46:45.865,0.001863599
2025-06-08 13:46:45.866,0.001853406
2025-06-08 13:46:45.893,0.001930117
2025-06-08 13:46:45.893,0.001890421
2025-06-08 13:46:45.894,0.001828193
2025-06-08 13:46:45.894,0.001872718
2025-06-08 13:46:45.895,0.001941919
2025-06-08 13:46:45.895,0.001903295
2025-06-08 13:46:45.896,0.001859844
2025-06-08 13:46:45.923,0.001899540
2025-06-08 13:46:45.923,0.001933336
2025-06-08 13:46:45.923,0.001929045
2025-06-08 13:46:45.924,0.001874327
2025-06-08 13:46:45.925,0.001896858
2025-06-08 13:46:45.926,0.001971960
2025-06-08 13:46:45.926,0.001997709
2025-06-08 13:46:45.926,0.001907050
2025-06-08 13:46:45.953,0.001940846
2025-06-08 13:46:45.953,0.002006292
2025-06-08 13:46:45.953,0.001980543
2025-06-08 13:46:45.954,0.001922607
2025-06-08 13:46:45.955,0.001912951
2025-06-08 13:46:45.955,0.001980006
2025-06-08 13:46:45.956,0.002030968
2025-06-08 13:46:45.983,0.002008974
2025-06-08 13:46:45.983,0.002023995
2025-06-08 13:46:45.984,0.002055108
2025-06-08 13:46:45.984,0.002084613
2025-06-08 13:46:45.985,0.002033114
2025-06-08 13:46:45.985,0.002029896
2025-06-08 13:46:45.986,0.002035260
2025-06-08 13:46:45.987,0.002099097
2025-06-08 13:46:46.012,0.002060473
2025-06-08 13:46:46.013,0.002051353
2025-06-08 13:46:46.013,0.002072811
2025-06-08 13:46:46.014,0.002115190
2025-06-08 13:46:46.015,0.002128601
2025-06-08 13:46:46.015,0.002009511
2025-06-08 13:46:46.016,0.001955330
2025-06-08 13:46:46.043,0.002027213
2025-06-08 13:46:46.043,0.002015948
2025-06-08 13:46:46.043,0.001890421
2025-06-08 13:46:46.044,0.001890421
2025-06-08 13:46:46.045,0.001989662
2025-06-08 13:46:46.045,0.001997709
2025-06-08 13:46:46.046,0.001926362
2025-06-08 13:46:46.046,0.001862526
2025-06-08 13:46:46.073,0.001910269
2025-06-08 13:46:46.073,0.001936018
2025-06-08 13:46:46.073,0.001872718
2025-06-08 13:46:46.074,0.001820147
2025-06-08 13:46:46.075,0.001905978
2025-06-08 13:46:46.076,0.001926362
2025-06-08 13:46:46.076,0.001845896
2025-06-08 13:46:46.103,0.001852870
2025-06-08 13:46:46.103,0.001882374
2025-06-08 13:46:46.104,0.001929045
2025-06-08 13:46:46.104,0.001938164
2025-06-08 13:46:46.105,0.001834094
2025-06-08 13:46:46.105,0.001844823
2025-06-08 13:46:46.106,0.001899540
2025-06-08 13:46:46.106,0.001904905
2025-06-08 13:46:46.133,0.001865744
2025-06-08 13:46:46.133,0.001856088
2025-06-08 13:46:46.133,0.001951575
2025-06-08 13:46:46.134,0.001929045
2025-06-08 13:46:46.135,0.001828730
2025-06-08 13:46:46.135,0.001801908
2025-06-08 13:46:46.136,0.001910805
2025-06-08 13:46:46.162,0.001949429
2025-06-08 13:46:46.163,0.001870036
2025-06-08 13:46:46.163,0.001853943
2025-06-08 13:46:46.164,0.001855016
2025-06-08 13:46:46.165,0.001919389
2025-06-08 13:46:46.165,0.001866817
2025-06-08 13:46:46.166,0.001821756
2025-06-08 13:46:46.166,0.001904368
2025-06-08 13:46:46.193,0.001919925
2025-06-08 13:46:46.193,0.001846432
2025-06-08 13:46:46.193,0.001829803
2025-06-08 13:46:46.194,0.001901150
2025-06-08 13:46:46.195,0.001917243
2025-06-08 13:46:46.196,0.001854479
2025-06-08 13:46:46.196,0.001834094
2025-06-08 13:46:46.223,0.001881301
2025-06-08 13:46:46.223,0.001928508
2025-06-08 13:46:46.223,0.001946747
2025-06-08 13:46:46.224,0.001843214
2025-06-08 13:46:46.225,0.001831949
2025-06-08 13:46:46.225,0.001935482
2025-06-08 13:46:46.226,0.001949966
2025-06-08 13:46:46.226,0.001873791
2025-06-08 13:46:46.252,0.001881838
2025-06-08 13:46:46.253,0.001930654
2025-06-08 13:46:46.253,0.001898467
2025-06-08 13:46:46.254,0.001841605
2025-06-08 13:46:46.255,0.001796007
2025-06-08 13:46:46.255,0.001887202
2025-06-08 13:46:46.256,0.001967132
2025-06-08 13:46:46.283,0.001866817
2025-06-08 13:46:46.283,0.001784742
2025-06-08 13:46:46.283,0.001868963
2025-06-08 13:46:46.284,0.001937628
2025-06-08 13:46:46.285,0.001904905
2025-06-08 13:46:46.285,0.001851260
2025-06-08 13:46:46.286,0.001868963
2025-06-08 13:46:46.286,0.001943528
2025-06-08 13:46:46.313,0.001914024
2025-06-08 13:46:46.313,0.001857698
2025-06-08 13:46:46.313,0.001894176
2025-06-08 13:46:46.314,0.001918852
2025-06-08 13:46:46.315,0.001941383
2025-06-08 13:46:46.315,0.001890421
2025-06-08 13:46:46.316,0.001885056
2025-06-08 13:46:46.343,0.001970351
2025-06-08 13:46:46.343,0.002050817
2025-06-08 13:46:46.343,0.001915097
2025-06-08 13:46:46.344,0.001880765
2025-06-08 13:46:46.345,0.001961231
2025-06-08 13:46:46.345,0.001973033
2025-06-08 13:46:46.346,0.001887202
2025-06-08 13:46:46.346,0.001868963
2025-06-08 13:46:46.373,0.001920461
2025-06-08 13:46:46.373,0.002016485
2025-06-08 13:46:46.373,0.001968205
2025-06-08 13:46:46.374,0.001880765
2025-06-08 13:46:46.375,0.001920461
2025-06-08 13:46:46.375,0.001940310
2025-06-08 13:46:46.376,0.001882911
2025-06-08 13:46:46.403,0.001820683
2025-06-08 13:46:46.403,0.001878083
2025-06-08 13:46:46.404,0.001893103
2025-06-08 13:46:46.404,0.001895249
2025-06-08 13:46:46.405,0.001852870
2025-06-08 13:46:46.405,0.001857161
2025-06-08 13:46:46.406,0.001915097
2025-06-08 13:46:46.406,0.001874327
2025-06-08 13:46:46.432,0.001761138
2025-06-08 13:46:46.433,0.001796543
2025-06-08 13:46:46.433,0.001903832
2025-06-08 13:46:46.434,0.001895249
2025-06-08 13:46:46.435,0.001807272
2025-06-08 13:46:46.435,0.001822293
2025-06-08 13:46:46.436,0.001883447
2025-06-08 13:46:46.463,0.001914024
2025-06-08 13:46:46.463,0.001848578
2025-06-08 13:46:46.463,0.001864672
2025-06-08 13:46:46.464,0.001962840
2025-06-08 13:46:46.465,0.002063155
2025-06-08 13:46:46.466,0.002104997
2025-06-08 13:46:46.466,0.002173126
2025-06-08 13:46:46.466,0.002284705
2025-06-08 13:46:46.493,0.002344251
2025-06-08 13:46:46.493,0.002174735
2025-06-08 13:46:46.493,0.001885056
2025-06-08 13:46:46.494,0.001748264
2025-06-08 13:46:46.495,0.001780450
2025-06-08 13:46:46.496,0.001831412
2025-06-08 13:46:46.496,0.001823365
2025-06-08 13:46:46.523,0.001853943
2025-06-08 13:46:46.523,0.001931727
2025-06-08 13:46:46.523,0.001860916
2025-06-08 13:46:46.524,0.001844823
2025-06-08 13:46:46.524,0.001869499
2025-06-08 13:46:46.525,0.001907050
2025-06-08 13:46:46.526,0.001925826
2025-06-08 13:46:46.526,0.001816392
2025-06-08 13:46:46.553,0.001826584
2025-06-08 13:46:46.553,0.001892030
2025-06-08 13:46:46.553,0.001917243
2025-06-08 13:46:46.554,0.001870572
2025-06-08 13:46:46.555,0.001847505
2025-06-08 13:46:46.555,0.001903832
2025-06-08 13:46:46.556,0.001964986
2025-06-08 13:46:46.583,0.001865744
2025-06-08 13:46:46.583,0.001825511
2025-06-08 13:46:46.584,0.001871109
2025-06-08 13:46:46.584,0.001895785
2025-06-08 13:46:46.585,0.001863062
2025-06-08 13:46:46.585,0.001870036
2025-06-08 13:46:46.586,0.001947284
2025-06-08 13:46:46.586,0.001964986
2025-06-08 13:46:46.613,0.001904368
2025-06-08 13:46:46.613,0.001848578
2025-06-08 13:46:46.613,0.001871645
2025-06-08 13:46:46.614,0.001980006
2025-06-08 13:46:46.615,0.001939773
2025-06-08 13:46:46.616,0.001920998
2025-06-08 13:46:46.616,0.001934945
2025-06-08 13:46:46.643,0.001956939
2025-06-08 13:46:46.643,0.001947820
2025-06-08 13:46:46.643,0.001881838
2025-06-08 13:46:46.644,0.001918316
2025-06-08 13:46:46.645,0.001965523
2025-06-08 13:46:46.645,0.001983762
2025-06-08 13:46:46.646,0.001957476
2025-06-08 13:46:46.647,0.001925826
2025-06-08 13:46:46.673,0.001963377
2025-06-08 13:46:46.673,0.002036869
2025-06-08 13:46:46.674,0.002033114
2025-06-08 13:46:46.674,0.001968205
2025-06-08 13:46:46.675,0.002098560
2025-06-08 13:46:46.675,0.002136648
2025-06-08 13:46:46.676,0.002025068
2025-06-08 13:46:46.703,0.002013266
2025-06-08 13:46:46.703,0.002102315
2025-06-08 13:46:46.703,0.002174198
2025-06-08 13:46:46.704,0.002109289
2025-06-08 13:46:46.705,0.002041697
2025-06-08 13:46:46.705,0.002072274
2025-06-08 13:46:46.706,0.002098560
2025-06-08 13:46:46.706,0.002040088
2025-06-08 13:46:46.733,0.001955330
2025-06-08 13:46:46.733,0.001986444
2025-06-08 13:46:46.733,0.002047598
2025-06-08 13:46:46.734,0.002019167
2025-06-08 13:46:46.735,0.001938164
2025-06-08 13:46:46.736,0.001882911
2025-06-08 13:46:46.736,0.001985371
2025-06-08 13:46:46.762,0.001956939
2025-06-08 13:46:46.763,0.001885056
2025-06-08 13:46:46.763,0.001885593
2025-06-08 13:46:46.764,0.001951575
2025-06-08 13:46:46.765,0.001974106
2025-06-08 13:46:46.765,0.001904368
2025-06-08 13:46:46.766,0.001855552
2025-06-08 13:46:46.766,0.001890421
2025-06-08 13:46:46.792,0.001936018
2025-06-08 13:46:46.793,0.001889348
2025-06-08 13:46:46.793,0.001852333
2025-06-08 13:46:46.794,0.001893103
2025-06-08 13:46:46.795,0.001966595
2025-06-08 13:46:46.795,0.001910805
2025-06-08 13:46:46.796,0.001789033
2025-06-08 13:46:46.823,0.001857161
2025-06-08 13:46:46.823,0.001944601
2025-06-08 13:46:46.823,0.001935482
2025-06-08 13:46:46.824,0.001863599
2025-06-08 13:46:46.825,0.001846969
2025-06-08 13:46:46.825,0.001902222
2025-06-08 13:46:46.826,0.001897931
2025-06-08 13:46:46.826,0.001872182
2025-06-08 13:46:46.853,0.001893103
2025-06-08 13:46:46.853,0.001917779
2025-06-08 13:46:46.853,0.001911878
2025-06-08 13:46:46.854,0.001842141
2025-06-08 13:46:46.855,0.001839459
2025-06-08 13:46:46.855,0.001918316
2025-06-08 13:46:46.856,0.001959622
2025-06-08 13:46:46.883,0.001876473
2025-06-08 13:46:46.883,0.001871645
2025-06-08 13:46:46.883,0.001927435
2025-06-08 13:46:46.884,0.001916170
2025-06-08 13:46:46.885,0.001845896
2025-06-08 13:46:46.885,0.001797616
2025-06-08 13:46:46.886,0.001874327
2025-06-08 13:46:46.887,0.001934409
2025-06-08 13:46:46.913,0.001931727
2025-06-08 13:46:46.913,0.001865744
2025-06-08 13:46:46.913,0.001911878
2025-06-08 13:46:46.914,0.001944065
2025-06-08 13:46:46.915,0.001922607
2025-06-08 13:46:46.915,0.001845896
2025-06-08 13:46:46.916,0.001915633
2025-06-08 13:46:46.943,0.001914024
2025-06-08 13:46:46.943,0.001875400
2025-06-08 13:46:46.943,0.001851260
2025-06-08 13:46:46.944,0.001867890
2025-06-08 13:46:46.945,0.001950502
2025-06-08 13:46:46.945,0.001948356
2025-06-08 13:46:46.946,0.001850724
2025-06-08 13:46:46.946,0.001865744
2025-06-08 13:46:46.973,0.001916170
2025-06-08 13:46:46.973,0.001919389
2025-06-08 13:46:46.973,0.001848578
2025-06-08 13:46:46.974,0.001841605
2025-06-08 13:46:46.975,0.001915633
2025-06-08 13:46:46.975,0.001962840
2025-06-08 13:46:46.976,0.001937091
2025-06-08 13:46:47.002,0.001878619
2025-06-08 13:46:47.003,0.001898467
2025-06-08 13:46:47.004,0.001924753
2025-06-08 13:46:47.004,0.001877010
2025-06-08 13:46:47.005,0.001856625
2025-06-08 13:46:47.006,0.001888275
2025-06-08 13:46:47.006,0.001986444
2025-06-08 13:46:47.006,0.001922607
2025-06-08 13:46:47.033,0.001889348
2025-06-08 13:46:47.033,0.001941383
2025-06-08 13:46:47.034,0.001955867
2025-06-08 13:46:47.034,0.001970351
2025-06-08 13:46:47.035,0.001944065
2025-06-08 13:46:47.036,0.001968205
2025-06-08 13:46:47.036,0.001970887
2025-06-08 13:46:47.063,0.001940846
2025-06-08 13:46:47.063,0.001901686
2025-06-08 13:46:47.063,0.001892566
2025-06-08 13:46:47.064,0.001986444
2025-06-08 13:46:47.065,0.002030968
2025-06-08 13:46:47.065,0.001981079
2025-06-08 13:46:47.066,0.001912415
2025-06-08 13:46:47.066,0.001919389
2025-06-08 13:46:47.093,0.001945138
2025-06-08 13:46:47.093,0.001888811
2025-06-08 13:46:47.093,0.001841605
2025-06-08 13:46:47.094,0.001921534
2025-06-08 13:46:47.095,0.001942456
2025-06-08 13:46:47.095,0.001851260
2025-06-08 13:46:47.096,0.001822293
2025-06-08 13:46:47.123,0.001871109
2025-06-08 13:46:47.123,0.001925289
2025-06-08 13:46:47.123,0.001931190
2025-06-08 13:46:47.124,0.001793861
2025-06-08 13:46:47.125,0.001824438
2025-06-08 13:46:47.125,0.001943528
2025-06-08 13:46:47.126,0.001822829
2025-06-08 13:46:47.126,0.001857161
2025-06-08 13:46:47.153,0.001855016
2025-06-08 13:46:47.153,0.001905978
2025-06-08 13:46:47.154,0.001922607
2025-06-08 13:46:47.154,0.001832485
2025-06-08 13:46:47.155,0.001831412
2025-06-08 13:46:47.156,0.001927972
2025-06-08 13:46:47.156,0.002012193
2025-06-08 13:46:47.183,0.002061546
2025-06-08 13:46:47.183,0.002088368
2025-06-08 13:46:47.184,0.002302945
2025-06-08 13:46:47.184,0.002349079
2025-06-08 13:46:47.185,0.002267003
2025-06-08 13:46:47.185,0.002062082
2025-06-08 13:46:47.186,0.001815319
2025-06-08 13:46:47.186,0.001761138
2025-06-08 13:46:47.212,0.001732170
2025-06-08 13:46:47.213,0.001793325
2025-06-08 13:46:47.213,0.001889884
2025-06-08 13:46:47.214,0.001975715
2025-06-08 13:46:47.215,0.001904905
2025-06-08 13:46:47.215,0.001860916
2025-06-08 13:46:47.216,0.001798689
2025-06-08 13:46:47.243,0.001914024
2025-06-08 13:46:47.243,0.001940846
2025-06-08 13:46:47.243,0.001866281
2025-06-08 13:46:47.244,0.001872718
2025-06-08 13:46:47.245,0.001923144
2025-06-08 13:46:47.246,0.001913488
2025-06-08 13:46:47.246,0.001895785
2025-06-08 13:46:47.246,0.001866281
2025-06-08 13:46:47.273,0.001901686
2025-06-08 13:46:47.273,0.001915633
2025-06-08 13:46:47.274,0.001807809
2025-06-08 13:46:47.274,0.001857698
2025-06-08 13:46:47.275,0.001962840
2025-06-08 13:46:47.275,0.001961231
2025-06-08 13:46:47.276,0.001899540
2025-06-08 13:46:47.303,0.001912951
2025-06-08 13:46:47.303,0.001932263
2025-06-08 13:46:47.303,0.001926899
2025-06-08 13:46:47.304,0.001918316
2025-06-08 13:46:47.305,0.001912415
2025-06-08 13:46:47.305,0.001959622
2025-06-08 13:46:47.306,0.001973569
2025-06-08 13:46:47.306,0.001929045
2025-06-08 13:46:47.333,0.001881838
2025-06-08 13:46:47.333,0.001907587
2025-06-08 13:46:47.333,0.002007901
2025-06-08 13:46:47.334,0.001957476
2025-06-08 13:46:47.335,0.001882374
2025-06-08 13:46:47.335,0.001992345
2025-06-08 13:46:47.336,0.002048135
2025-06-08 13:46:47.363,0.001991808
2025-06-08 13:46:47.363,0.001947820
2025-06-08 13:46:47.363,0.001946211
2025-06-08 13:46:47.364,0.001972496
2025-06-08 13:46:47.365,0.002073884
2025-06-08 13:46:47.365,0.002005219
2025-06-08 13:46:47.366,0.002032041
2025-06-08 13:46:47.366,0.002123773
2025-06-08 13:46:47.393,0.002120554
2025-06-08 13:46:47.393,0.002068519
2025-06-08 13:46:47.393,0.002061546
2025-06-08 13:46:47.394,0.002113044
2025-06-08 13:46:47.395,0.002143621
2025-06-08 13:46:47.395,0.002072274
2025-06-08 13:46:47.396,0.002048135
2025-06-08 13:46:47.422,0.002123773
2025-06-08 13:46:47.423,0.002123773
2025-06-08 13:46:47.423,0.002095878
2025-06-08 13:46:47.424,0.002030432
2025-06-08 13:46:47.425,0.002072274
2025-06-08 13:46:47.425,0.002088368
2025-06-08 13:46:47.426,0.002044916
2025-06-08 13:46:47.427,0.001977324
2025-06-08 13:46:47.453,0.001978934
2025-06-08 13:46:47.453,0.001973569
2025-06-08 13:46:47.453,0.001960158
2025-06-08 13:46:47.454,0.001894176
2025-06-08 13:46:47.454,0.001915633
2025-06-08 13:46:47.455,0.002001464
2025-06-08 13:46:47.456,0.001961231
2025-06-08 13:46:47.482,0.001857161
2025-06-08 13:46:47.483,0.001882911
2025-06-08 13:46:47.483,0.001919389
2025-06-08 13:46:47.484,0.001938700
2025-06-08 13:46:47.485,0.001885056
2025-06-08 13:46:47.486,0.001879155
2025-06-08 13:46:47.486,0.001981616
2025-06-08 13:46:47.486,0.001962840
2025-06-08 13:46:47.513,0.001896858
2025-06-08 13:46:47.513,0.001852333
2025-06-08 13:46:47.515,0.001866281
2025-06-08 13:46:47.515,0.001966595
2025-06-08 13:46:47.515,0.001940846
2025-06-08 13:46:47.515,0.001889884
2025-06-08 13:46:47.516,0.001918852
2025-06-08 13:46:47.543,0.001885056
2025-06-08 13:46:47.543,0.001906514
2025-06-08 13:46:47.543,0.001872718
2025-06-08 13:46:47.544,0.001893103
2025-06-08 13:46:47.545,0.001941919
2025-06-08 13:46:47.545,0.001914561
2025-06-08 13:46:47.546,0.001837849
2025-06-08 13:46:47.546,0.001889348
2025-06-08 13:46:47.573,0.001937091
2025-06-08 13:46:47.573,0.001916706
2025-06-08 13:46:47.573,0.001874864
2025-06-08 13:46:47.574,0.001930117
2025-06-08 13:46:47.575,0.001946211
2025-06-08 13:46:47.575,0.001910805
2025-06-08 13:46:47.576,0.001896858
2025-06-08 13:46:47.603,0.001850188
2025-06-08 13:46:47.603,0.001964986
2025-06-08 13:46:47.603,0.001996100
2025-06-08 13:46:47.604,0.001891494
2025-06-08 13:46:47.605,0.001891494
2025-06-08 13:46:47.605,0.001939237
2025-06-08 13:46:47.606,0.001924753
2025-06-08 13:46:47.606,0.001888275
2025-06-08 13:46:47.632,0.001832485
2025-06-08 13:46:47.633,0.001900613
2025-06-08 13:46:47.633,0.001991808
2025-06-08 13:46:47.634,0.001926899
2025-06-08 13:46:47.635,0.001834094
2025-06-08 13:46:47.635,0.001894712
2025-06-08 13:46:47.636,0.001962304
2025-06-08 13:46:47.663,0.001936018
2025-06-08 13:46:47.663,0.001857161
2025-06-08 13:46:47.663,0.001896322
2025-06-08 13:46:47.664,0.001974642
2025-06-08 13:46:47.665,0.001957476
2025-06-08 13:46:47.665,0.001922071
2025-06-08 13:46:47.666,0.001874864
2025-06-08 13:46:47.666,0.001933336
2025-06-08 13:46:47.692,0.001943528
2025-06-08 13:46:47.693,0.001876473
2025-06-08 13:46:47.693,0.001885593
2025-06-08 13:46:47.694,0.001949429
2025-06-08 13:46:47.695,0.001993418
2025-06-08 13:46:47.695,0.001871645
2025-06-08 13:46:47.696,0.001758992
2025-06-08 13:46:47.723,0.001920461
2025-06-08 13:46:47.723,0.001989662
2025-06-08 13:46:47.723,0.001903295
2025-06-08 13:46:47.724,0.001865744
2025-06-08 13:46:47.725,0.001922071
2025-06-08 13:46:47.725,0.001983762
2025-06-08 13:46:47.726,0.001944601
2025-06-08 13:46:47.726,0.001961231
2025-06-08 13:46:47.753,0.002025068
2025-06-08 13:46:47.753,0.002057791
2025-06-08 13:46:47.753,0.001987517
2025-06-08 13:46:47.754,0.001935482
2025-06-08 13:46:47.755,0.001959622
2025-06-08 13:46:47.755,0.001997709
2025-06-08 13:46:47.756,0.002004146
2025-06-08 13:46:47.783,0.001932800
2025-06-08 13:46:47.783,0.001898467
2025-06-08 13:46:47.783,0.001990199
2025-06-08 13:46:47.784,0.002018630
2025-06-08 13:46:47.785,0.001880765
2025-06-08 13:46:47.785,0.001875400
2025-06-08 13:46:47.786,0.001985907
2025-06-08 13:46:47.786,0.001979470
2025-06-08 13:46:47.813,0.001845360
2025-06-08 13:46:47.813,0.001799226
2025-06-08 13:46:47.813,0.001908123
2025-06-08 13:46:47.814,0.001977324
2025-06-08 13:46:47.815,0.001850188
2025-06-08 13:46:47.815,0.001769721
2025-06-08 13:46:47.816,0.001890421
2025-06-08 13:46:47.843,0.002010047
2025-06-08 13:46:47.843,0.001917243
2025-06-08 13:46:47.844,0.001852870
2025-06-08 13:46:47.844,0.001903295
2025-06-08 13:46:47.845,0.001921534
2025-06-08 13:46:47.845,0.001892030
2025-06-08 13:46:47.846,0.001855016
2025-06-08 13:46:47.846,0.001879155
2025-06-08 13:46:47.873,0.001954257
2025-06-08 13:46:47.873,0.001927435
2025-06-08 13:46:47.873,0.001885593
2025-06-08 13:46:47.874,0.001998782
2025-06-08 13:46:47.875,0.002212286
2025-06-08 13:46:47.875,0.002290070
2025-06-08 13:46:47.876,0.002244472
2025-06-08 13:46:47.903,0.002217650
2025-06-08 13:46:47.903,0.002257883
2025-06-08 13:46:47.903,0.001992345
2025-06-08 13:46:47.904,0.001701057
2025-06-08 13:46:47.905,0.001741290
2025-06-08 13:46:47.905,0.001887739
2025-06-08 13:46:47.906,0.001912951
2025-06-08 13:46:47.906,0.001902759
2025-06-08 13:46:47.933,0.001867354
2025-06-08 13:46:47.933,0.001897931
2025-06-08 13:46:47.933,0.001945138
2025-06-08 13:46:47.934,0.001918316
2025-06-08 13:46:47.935,0.001827121
2025-06-08 13:46:47.935,0.001855552
2025-06-08 13:46:47.936,0.001952648
2025-06-08 13:46:47.962,0.001920998
2025-06-08 13:46:47.963,0.001867890
2025-06-08 13:46:47.963,0.001872182
2025-06-08 13:46:47.964,0.001927972
2025-06-08 13:46:47.965,0.001920461
2025-06-08 13:46:47.965,0.001871109
2025-06-08 13:46:47.966,0.001856088
2025-06-08 13:46:47.966,0.001941383
2025-06-08 13:46:47.992,0.001977861
2025-06-08 13:46:47.993,0.001860380
2025-06-08 13:46:47.993,0.001882374
2025-06-08 13:46:47.994,0.001907587
2025-06-08 13:46:47.995,0.001951039
2025-06-08 13:46:47.995,0.001922071
2025-06-08 13:46:47.996,0.001898467
2025-06-08 13:46:48.023,0.001958549
2025-06-08 13:46:48.023,0.001990199
2025-06-08 13:46:48.023,0.001915097
2025-06-08 13:46:48.053,0.001881838
2025-06-08 13:46:48.053,0.001932800
2025-06-08 13:46:48.053,0.001982152
2025-06-08 13:46:48.054,0.001967668
2025-06-08 13:46:48.055,0.001908660
2025-06-08 13:46:48.055,0.001929045
2025-06-08 13:46:48.056,0.002013802
2025-06-08 13:46:48.056,0.001988053
2025-06-08 13:46:48.057,0.001928508
2025-06-08 13:46:48.058,0.001949429
2025-06-08 13:46:48.058,0.002047062
2025-06-08 13:46:48.059,0.002036869
2025-06-08 13:46:48.059,0.002004146
2025-06-08 13:46:48.083,0.002046525
2025-06-08 13:46:48.083,0.002084613
2025-06-08 13:46:48.083,0.002049744
2025-06-08 13:46:48.084,0.001983762
2025-06-08 13:46:48.085,0.002042234
2025-06-08 13:46:48.085,0.002137184
2025-06-08 13:46:48.086,0.002158105
2025-06-08 13:46:48.112,0.002028286
2025-06-08 13:46:48.113,0.002089441
2025-06-08 13:46:48.113,0.002143085
2025-06-08 13:46:48.114,0.002150059
2025-06-08 13:46:48.115,0.002092123
2025-06-08 13:46:48.115,0.002005756
2025-06-08 13:46:48.116,0.002074957
2025-06-08 13:46:48.143,0.002095341
2025-06-08 13:46:48.143,0.002028286
2025-06-08 13:46:48.143,0.001991808
2025-06-08 13:46:48.144,0.002017021
2025-06-08 13:46:48.145,0.002045452
2025-06-08 13:46:48.145,0.001946211
2025-06-08 13:46:48.146,0.001926362
2025-06-08 13:46:48.146,0.001922071
2025-06-08 13:46:48.173,0.001974642
2025-06-08 13:46:48.173,0.001931727
2025-06-08 13:46:48.173,0.001870036
2025-06-08 13:46:48.174,0.001872182
2025-06-08 13:46:48.175,0.001961767
2025-06-08 13:46:48.175,0.001933872
2025-06-08 13:46:48.176,0.001911342
2025-06-08 13:46:48.203,0.001872718
2025-06-08 13:46:48.203,0.001947284
2025-06-08 13:46:48.204,0.001900613
2025-06-08 13:46:48.204,0.001811027
2025-06-08 13:46:48.205,0.001861453
2025-06-08 13:46:48.205,0.001946747
2025-06-08 13:46:48.206,0.001949966
2025-06-08 13:46:48.206,0.001857698
2025-06-08 13:46:48.233,0.001838386
2025-06-08 13:46:48.233,0.001941383
2025-06-08 13:46:48.234,0.001965523
2025-06-08 13:46:48.234,0.001880765
2025-06-08 13:46:48.235,0.001800298
2025-06-08 13:46:48.235,0.001892566
2025-06-08 13:46:48.236,0.001942456
2025-06-08 13:46:48.263,0.001924217
2025-06-08 13:46:48.263,0.001844823
2025-06-08 13:46:48.264,0.001886129
2025-06-08 13:46:48.264,0.001943528
2025-06-08 13:46:48.265,0.001857698
2025-06-08 13:46:48.265,0.001820683
2025-06-08 13:46:48.266,0.001873791
2025-06-08 13:46:48.266,0.001943528
2025-06-08 13:46:48.293,0.001944065
2025-06-08 13:46:48.293,0.001871645
2025-06-08 13:46:48.293,0.001841068
2025-06-08 13:46:48.294,0.001895785
2025-06-08 13:46:48.295,0.001887202
2025-06-08 13:46:48.295,0.001843214
2025-06-08 13:46:48.296,0.001855016
2025-06-08 13:46:48.323,0.001901150
2025-06-08 13:46:48.323,0.001922607
2025-06-08 13:46:48.323,0.001922607
2025-06-08 13:46:48.324,0.001887739
2025-06-08 13:46:48.325,0.001912415
2025-06-08 13:46:48.325,0.001949429
2025-06-08 13:46:48.326,0.001852333
2025-06-08 13:46:48.326,0.001873791
2025-06-08 13:46:48.352,0.001917779
2025-06-08 13:46:48.353,0.001965523
2025-06-08 13:46:48.353,0.001925289
2025-06-08 13:46:48.354,0.001890421
2025-06-08 13:46:48.355,0.001883447
2025-06-08 13:46:48.355,0.001894712
2025-06-08 13:46:48.356,0.001851260
2025-06-08 13:46:48.382,0.001817465
2025-06-08 13:46:48.383,0.001865744
2025-06-08 13:46:48.383,0.001933336
2025-06-08 13:46:48.384,0.001892030
2025-06-08 13:46:48.385,0.001821756
2025-06-08 13:46:48.385,0.001858771
2025-06-08 13:46:48.386,0.001969814
2025-06-08 13:46:48.386,0.001955330
2025-06-08 13:46:48.412,0.001871645
2025-06-08 13:46:48.413,0.001915633
2025-06-08 13:46:48.413,0.002014875
2025-06-08 13:46:48.414,0.002002001
2025-06-08 13:46:48.415,0.001909196
2025-06-08 13:46:48.415,0.001897931
2025-06-08 13:46:48.416,0.001984298
2025-06-08 13:46:48.443,0.001993418
2025-06-08 13:46:48.443,0.001888275
2025-06-08 13:46:48.443,0.001911342
2025-06-08 13:46:48.444,0.001948893
2025-06-08 13:46:48.445,0.002001464
2025-06-08 13:46:48.446,0.001930654
2025-06-08 13:46:48.446,0.001878619
2025-06-08 13:46:48.446,0.001937628
2025-06-08 13:46:48.473,0.001940846
2025-06-08 13:46:48.473,0.001864672
2025-06-08 13:46:48.473,0.001815319
2025-06-08 13:46:48.474,0.001860380
2025-06-08 13:46:48.474,0.001911342
2025-06-08 13:46:48.476,0.001900077
2025-06-08 13:46:48.476,0.001812100
2025-06-08 13:46:48.502,0.001920461
2025-06-08 13:46:48.503,0.001935482
2025-06-08 13:46:48.503,0.001830876
2025-06-08 13:46:48.504,0.001833558
2025-06-08 13:46:48.504,0.001836240
2025-06-08 13:46:48.505,0.001890421
2025-06-08 13:46:48.506,0.001906514
2025-06-08 13:46:48.506,0.001804590
2025-06-08 13:46:48.533,0.001785815
2025-06-08 13:46:48.533,0.001878083
2025-06-08 13:46:48.533,0.001924753
2025-06-08 13:46:48.534,0.001868963
2025-06-08 13:46:48.535,0.001812637
2025-06-08 13:46:48.535,0.001936018
2025-06-08 13:46:48.536,0.002042770
2025-06-08 13:46:48.562,0.002091586
2025-06-08 13:46:48.563,0.002217650
2025-06-08 13:46:48.563,0.002279878
2025-06-08 13:46:48.564,0.002225697
2025-06-08 13:46:48.565,0.002003610
2025-06-08 13:46:48.565,0.001731097
2025-06-08 13:46:48.566,0.001643657
2025-06-08 13:46:48.566,0.001756310
2025-06-08 13:46:48.593,0.001804054
2025-06-08 13:46:48.593,0.001769721
2025-06-08 13:46:48.593,0.001847505
2025-06-08 13:46:48.594,0.001909196
2025-06-08 13:46:48.594,0.001881301
2025-06-08 13:46:48.596,0.001798153
2025-06-08 13:46:48.596,0.001843750
2025-06-08 13:46:48.622,0.001941383
2025-06-08 13:46:48.623,0.001910805
2025-06-08 13:46:48.623,0.001803517
2025-06-08 13:46:48.624,0.001816928
2025-06-08 13:46:48.625,0.001887202
2025-06-08 13:46:48.625,0.001898467
2025-06-08 13:46:48.626,0.001822829
2025-06-08 13:46:48.626,0.001805126
2025-06-08 13:46:48.653,0.001900077
2025-06-08 13:46:48.653,0.001946747
2025-06-08 13:46:48.653,0.001848578
2025-06-08 13:46:48.654,0.001828193
2025-06-08 13:46:48.655,0.001893103
2025-06-08 13:46:48.655,0.001953184
2025-06-08 13:46:48.656,0.001892030
2025-06-08 13:46:48.683,0.001828730
2025-06-08 13:46:48.683,0.001890957
2025-06-08 13:46:48.683,0.001940846
2025-06-08 13:46:48.684,0.001907050
2025-06-08 13:46:48.685,0.001878619
2025-06-08 13:46:48.685,0.001869499
2025-06-08 13:46:48.686,0.001954794
2025-06-08 13:46:48.686,0.001938700
2025-06-08 13:46:48.713,0.001868963
2025-06-08 13:46:48.713,0.001901150
2025-06-08 13:46:48.713,0.001981079
2025-06-08 13:46:48.714,0.001978934
2025-06-08 13:46:48.715,0.001913488
2025-06-08 13:46:48.716,0.001909196
2025-06-08 13:46:48.716,0.001957476
2025-06-08 13:46:48.743,0.002013266
2025-06-08 13:46:48.743,0.001972496
2025-06-08 13:46:48.743,0.001942992
2025-06-08 13:46:48.744,0.001997173
2025-06-08 13:46:48.745,0.002032041
2025-06-08 13:46:48.745,0.002018094
2025-06-08 13:46:48.746,0.001993418
2025-06-08 13:46:48.746,0.002055645
2025-06-08 13:46:48.772,0.002101779
2025-06-08 13:46:48.773,0.002027750
2025-06-08 13:46:48.773,0.002035796
2025-06-08 13:46:48.774,0.002091586
2025-06-08 13:46:48.775,0.002146304
2025-06-08 13:46:48.775,0.002060473
2025-06-08 13:46:48.776,0.001971423
2025-06-08 13:46:48.803,0.002022922
2025-06-08 13:46:48.803,0.002104997
2025-06-08 13:46:48.803,0.002087295
2025-06-08 13:46:48.804,0.001984298
2025-06-08 13:46:48.805,0.001962840
2025-06-08 13:46:48.806,0.002004146
2025-06-08 13:46:48.806,0.001994490
2025-06-08 13:46:48.806,0.001926362
2025-06-08 13:46:48.833,0.001881838
2025-06-08 13:46:48.833,0.001912415
2025-06-08 13:46:48.833,0.001947284
2025-06-08 13:46:48.834,0.001864135
2025-06-08 13:46:48.835,0.001855552
2025-06-08 13:46:48.835,0.001947284
2025-06-08 13:46:48.836,0.001930654
2025-06-08 13:46:48.862,0.001890421
2025-06-08 13:46:48.863,0.001824975
2025-06-08 13:46:48.863,0.001865744
2025-06-08 13:46:48.864,0.001896858
2025-06-08 13:46:48.865,0.001822293
2025-06-08 13:46:48.865,0.001822829
2025-06-08 13:46:48.866,0.001900077
2025-06-08 13:46:48.866,0.001920461
2025-06-08 13:46:48.893,0.001873255
2025-06-08 13:46:48.893,0.001825511
2025-06-08 13:46:48.893,0.001834094
2025-06-08 13:46:48.894,0.001871645
2025-06-08 13:46:48.895,0.001899540
2025-06-08 13:46:48.895,0.001855016
2025-06-08 13:46:48.896,0.001800835
2025-06-08 13:46:48.922,0.001902222
2025-06-08 13:46:48.923,0.001849651
2025-06-08 13:46:48.923,0.001836777
2025-06-08 13:46:48.924,0.001880765
2025-06-08 13:46:48.925,0.001923680
2025-06-08 13:46:48.925,0.001933872
2025-06-08 13:46:48.926,0.001779914
2025-06-08 13:46:48.926,0.001771867
2025-06-08 13:46:48.953,0.001899004
2025-06-08 13:46:48.953,0.001897931
2025-06-08 13:46:48.953,0.001858234
2025-06-08 13:46:48.954,0.001816392
2025-06-08 13:46:48.955,0.001882374
2025-06-08 13:46:48.955,0.001955330
2025-06-08 13:46:48.956,0.001884520
2025-06-08 13:46:48.982,0.001834631
2025-06-08 13:46:48.983,0.001881838
2025-06-08 13:46:48.983,0.001919925
2025-06-08 13:46:48.984,0.001876473
2025-06-08 13:46:48.984,0.001838922
2025-06-08 13:46:48.985,0.001872718
2025-06-08 13:46:48.986,0.001905441
2025-06-08 13:46:48.986,0.001865208
2025-06-08 13:46:49.012,0.001867354
2025-06-08 13:46:49.013,0.001878083
2025-06-08 13:46:49.014,0.001901150
2025-06-08 13:46:49.014,0.001868963
2025-06-08 13:46:49.015,0.001850188
2025-06-08 13:46:49.015,0.001899540
2025-06-08 13:46:49.016,0.001907050
2025-06-08 13:46:49.043,0.001915633
2025-06-08 13:46:49.043,0.001868427
2025-06-08 13:46:49.043,0.001889884
2025-06-08 13:46:49.044,0.001958549
2025-06-08 13:46:49.045,0.001981616
2025-06-08 13:46:49.046,0.001932800
2025-06-08 13:46:49.046,0.001907050
2025-06-08 13:46:49.046,0.001951575
2025-06-08 13:46:49.073,0.001966595
2025-06-08 13:46:49.073,0.001933872
2025-06-08 13:46:49.074,0.001892030
2025-06-08 13:46:49.074,0.001922607
2025-06-08 13:46:49.074,0.001947820
2025-06-08 13:46:49.076,0.001902759
2025-06-08 13:46:49.076,0.001842677
2025-06-08 13:46:49.103,0.001891494
2025-06-08 13:46:49.103,0.001942992
2025-06-08 13:46:49.103,0.001927972
2025-06-08 13:46:49.104,0.001801908
2025-06-08 13:46:49.105,0.001851260
2025-06-08 13:46:49.106,0.001922071
2025-06-08 13:46:49.106,0.001870036
2025-06-08 13:46:49.106,0.001807272
2025-06-08 13:46:49.133,0.001835704
2025-06-08 13:46:49.133,0.001885593
2025-06-08 13:46:49.133,0.001875400
2025-06-08 13:46:49.134,0.001771331
2025-06-08 13:46:49.135,0.001815855
2025-06-08 13:46:49.135,0.001905978
2025-06-08 13:46:49.136,0.001913488
2025-06-08 13:46:49.163,0.001819074
2025-06-08 13:46:49.163,0.001809954
2025-06-08 13:46:49.163,0.001876473
2025-06-08 13:46:49.164,0.001863599
2025-06-08 13:46:49.165,0.001814782
2025-06-08 13:46:49.165,0.001800835
2025-06-08 13:46:49.166,0.001953184
2025-06-08 13:46:49.167,0.002138793
2025-06-08 13:46:49.193,0.002174198
2025-06-08 13:46:49.193,0.002187610
2025-06-08 13:46:49.193,0.002255201
2025-06-08 13:46:49.195,0.002269685
2025-06-08 13:46:49.195,0.001966595
2025-06-08 13:46:49.195,0.001644730
2025-06-08 13:46:49.196,0.001649558
2025-06-08 13:46:49.223,0.001789570
2025-06-08 13:46:49.223,0.001812637
2025-06-08 13:46:49.224,0.001815319
2025-06-08 13:46:49.224,0.001855016
2025-06-08 13:46:49.225,0.001907587
2025-06-08 13:46:49.225,0.001879155
2025-06-08 13:46:49.226,0.001815319
2025-06-08 13:46:49.226,0.001814782
2025-06-08 13:46:49.253,0.001915633
2025-06-08 13:46:49.253,0.001877010
2025-06-08 13:46:49.253,0.001831949
2025-06-08 13:46:49.254,0.001858234
2025-06-08 13:46:49.255,0.001918316
2025-06-08 13:46:49.255,0.001899540
2025-06-08 13:46:49.256,0.001801371
2025-06-08 13:46:49.283,0.001800835
2025-06-08 13:46:49.283,0.001888811
2025-06-08 13:46:49.283,0.001910269
2025-06-08 13:46:49.284,0.001861989
2025-06-08 13:46:49.285,0.001837313
2025-06-08 13:46:49.285,0.001903295
2025-06-08 13:46:49.286,0.001946747
2025-06-08 13:46:49.286,0.001837849
2025-06-08 13:46:49.313,0.001805126
2025-06-08 13:46:49.313,0.001875937
2025-06-08 13:46:49.313,0.001926362
2025-06-08 13:46:49.314,0.001875400
2025-06-08 13:46:49.315,0.001836240
2025-06-08 13:46:49.315,0.001915633
2025-06-08 13:46:49.316,0.001957476
2025-06-08 13:46:49.343,0.001915097
2025-06-08 13:46:49.343,0.001815319
2025-06-08 13:46:49.344,0.001889348
2025-06-08 13:46:49.344,0.001966595
2025-06-08 13:46:49.345,0.001953184
2025-06-08 13:46:49.345,0.001931727
2025-06-08 13:46:49.346,0.001904905
2025-06-08 13:46:49.346,0.001960158
2025-06-08 13:46:49.372,0.001970887
2025-06-08 13:46:49.373,0.001887739
2025-06-08 13:46:49.373,0.001873791
2025-06-08 13:46:49.374,0.002044380
2025-06-08 13:46:49.375,0.002065301
2025-06-08 13:46:49.375,0.002025068
2025-06-08 13:46:49.376,0.001997173
2025-06-08 13:46:49.403,0.002057254
2025-06-08 13:46:49.403,0.002062082
2025-06-08 13:46:49.403,0.002051353
2025-06-08 13:46:49.405,0.002016485
2025-06-08 13:46:49.405,0.002052963
2025-06-08 13:46:49.405,0.002100706
2025-06-08 13:46:49.406,0.002035260
2025-06-08 13:46:49.407,0.002011120
2025-06-08 13:46:49.432,0.002031505
2025-06-08 13:46:49.433,0.002071202
2025-06-08 13:46:49.433,0.002042234
2025-06-08 13:46:49.434,0.001945138
2025-06-08 13:46:49.435,0.001926362
2025-06-08 13:46:49.435,0.002007365
2025-06-08 13:46:49.436,0.001949966
2025-06-08 13:46:49.462,0.001927435
2025-06-08 13:46:49.463,0.001877546
2025-06-08 13:46:49.463,0.001905978